{
"type": "FeatureCollection",
"name": "boundary_junggu_gwanak_wgs84",
"crs": { "type": "name", "properties": { "name": "urn:ogc:def:crs:OGC:1.3:CRS84" } },
"features": [
{ "type": "Feature", "properties": { "SIGUNGU_NM": "중구" }, "geometry": { "type": "Polygon", "coordinates": [ [ [ 127.02313682653535, 37.571960809158256 ], [ 127.023358249023872, 37.571907275498496 ], [ 127.023361646815914, 37.57191110372024 ], [ 127.023363158454345, 37.571910771818153 ], [ 127.023391319200783, 37.571904439076299 ], [ 127.023396272416164, 37.571731537338387 ], [ 127.023397606801552, 37.571684917815816 ], [ 127.023409119255874, 37.571193337730989 ], [ 127.023409358780256, 37.571183116513694 ], [ 127.023409614171555, 37.57117218239442 ], [ 127.023426879410366, 37.570487545074293 ], [ 127.023428662206172, 37.570453361444777 ], [ 127.02343331628883, 37.570364160318789 ], [ 127.023436277922883, 37.570307403585346 ], [ 127.023437405568188, 37.57028575686104 ], [ 127.023437910069958, 37.570265227095177 ], [ 127.023438199899999, 37.570253152006764 ], [ 127.023444706273324, 37.569938993642474 ], [ 127.023445086563655, 37.569923028701041 ], [ 127.023445455599003, 37.569907052897953 ], [ 127.023449632522826, 37.569757657822962 ], [ 127.02345040665459, 37.569729998580172 ], [ 127.023451125334859, 37.569701444976275 ], [ 127.023451838554692, 37.569673037368538 ], [ 127.023453270509506, 37.569616067143059 ], [ 127.023460948691678, 37.569310627706336 ], [ 127.02346210550354, 37.569265203535792 ], [ 127.023463025911411, 37.569229335403456 ], [ 127.023469931367543, 37.568954343969196 ], [ 127.023470807175357, 37.568930629431939 ], [ 127.023471256548632, 37.56891732734865 ], [ 127.023477615343111, 37.5687290208447 ], [ 127.023482609042858, 37.568581148708269 ], [ 127.023483588775292, 37.568552140070146 ], [ 127.023483833076682, 37.568545431420937 ], [ 127.023484240026534, 37.56853416621221 ], [ 127.02348487996548, 37.568516190505861 ], [ 127.023489637719123, 37.568297277657898 ], [ 127.023490341031405, 37.568270775453122 ], [ 127.023492379237467, 37.568193996028064 ], [ 127.023494615410343, 37.568095383142861 ], [ 127.023496685385737, 37.56801610350378 ], [ 127.023502193296594, 37.567880995613272 ], [ 127.023510637969167, 37.567673805234044 ], [ 127.023512288975198, 37.567638249202801 ], [ 127.023517548441333, 37.567500892337492 ], [ 127.023519308626092, 37.567454950509614 ], [ 127.02352142734685, 37.56740800782913 ], [ 127.023525328653164, 37.567321559937724 ], [ 127.023526156744737, 37.567303196505684 ], [ 127.023527960496722, 37.567243658012785 ], [ 127.023530541371684, 37.56715846847991 ], [ 127.023534374328023, 37.566994038354565 ], [ 127.023535947102872, 37.566913516437907 ], [ 127.023531344729037, 37.566891551833436 ], [ 127.023530979354746, 37.566884204369707 ], [ 127.023530810447539, 37.566880856080189 ], [ 127.023531338534781, 37.566866214004676 ], [ 127.023531864461148, 37.566846222417865 ], [ 127.02353190764525, 37.566844775928018 ], [ 127.023532031692255, 37.56684058966551 ], [ 127.023533652232004, 37.566795945210302 ], [ 127.023533923714794, 37.566788522800778 ], [ 127.023536688996458, 37.566712421399828 ], [ 127.023537121465722, 37.566709946239861 ], [ 127.02354225127911, 37.566678968670466 ], [ 127.023553633215712, 37.566639565290032 ], [ 127.023558134993863, 37.566628254409771 ], [ 127.02355895282588, 37.566501273042384 ], [ 127.023559583318502, 37.566470551323199 ], [ 127.023562061519414, 37.566349913132584 ], [ 127.02356270850423, 37.566318379364212 ], [ 127.023562728911998, 37.566316597480679 ], [ 127.023563623857356, 37.566241153720135 ], [ 127.023563085487794, 37.566229677381592 ], [ 127.023561460492047, 37.566195022988815 ], [ 127.02355825230245, 37.566060126847773 ], [ 127.023557667413002, 37.565994796551443 ], [ 127.023565081571974, 37.565807821894111 ], [ 127.023568259293697, 37.565796381282311 ], [ 127.023568695045569, 37.565794811990322 ], [ 127.023573189297835, 37.56577862928858 ], [ 127.023579993282581, 37.56539693382885 ], [ 127.023580835976077, 37.565314398034722 ], [ 127.023581257393488, 37.56527311887065 ], [ 127.023582084548593, 37.565199778570687 ], [ 127.02358603536473, 37.565199579091484 ], [ 127.023614486280991, 37.565198133663877 ], [ 127.023774770933684, 37.565190002091747 ], [ 127.024050347408703, 37.565177097414079 ], [ 127.024265453311969, 37.565167022934894 ], [ 127.024322268388232, 37.565164234149364 ], [ 127.024494324271586, 37.565155786685018 ], [ 127.024720469957032, 37.565144682334328 ], [ 127.024948864237473, 37.565134312183901 ], [ 127.024989868411879, 37.565132450938954 ], [ 127.025041895531629, 37.565130088710106 ], [ 127.025097162021794, 37.565127579950293 ], [ 127.025350044147672, 37.565115015395378 ], [ 127.025370400680046, 37.565114002097069 ], [ 127.02539091576736, 37.565112984024601 ], [ 127.025457703094119, 37.56510966512888 ], [ 127.025600472261985, 37.565102301629835 ], [ 127.025646638564012, 37.565099920090354 ], [ 127.025782126743138, 37.565092932723765 ], [ 127.025907427481215, 37.565086467635133 ], [ 127.025913838518463, 37.565086137347102 ], [ 127.026113159653704, 37.565077445480995 ], [ 127.026502266087945, 37.565056371130325 ], [ 127.026694799472367, 37.5650465009371 ], [ 127.026781120556521, 37.565042077934123 ], [ 127.026776529451908, 37.565027506354518 ], [ 127.026773670820816, 37.56500541365434 ], [ 127.026767226472842, 37.564955164670017 ], [ 127.026765915736362, 37.564934681673464 ], [ 127.026728182077676, 37.564877443490275 ], [ 127.026710959473021, 37.564879059068723 ], [ 127.026709104404887, 37.564879111120952 ], [ 127.026707263325932, 37.564878920766397 ], [ 127.026705487143559, 37.564878495419975 ], [ 127.026703821115262, 37.56487784067118 ], [ 127.026702311499534, 37.564876982844588 ], [ 127.026701000088522, 37.564875938332037 ], [ 127.026699918403821, 37.564874736103064 ], [ 127.026699100197504, 37.56487341054423 ], [ 127.026698563375177, 37.564871995077233 ], [ 127.026698324658838, 37.564870531231165 ], [ 127.026695882821087, 37.564829277524517 ], [ 127.026691187251913, 37.564822273246726 ], [ 127.02667275088892, 37.564794706392213 ], [ 127.026693030217643, 37.564785834597259 ], [ 127.02673456354141, 37.564767950688172 ], [ 127.0267310195416, 37.564756113489231 ], [ 127.02671986632744, 37.564718868311132 ], [ 127.026683540374307, 37.564598440387542 ], [ 127.026677759025688, 37.564504623752377 ], [ 127.026688401799319, 37.564494039517847 ], [ 127.02668168736345, 37.564458754536716 ], [ 127.026681559966107, 37.564457235253172 ], [ 127.02668175752288, 37.564455719075113 ], [ 127.026682274092892, 37.564454250144806 ], [ 127.02668309353902, 37.564452873465008 ], [ 127.026684192987489, 37.564451624997936 ], [ 127.026685540489098, 37.564450543373525 ], [ 127.02668709736372, 37.564449657279823 ], [ 127.026688822689451, 37.56444899179057 ], [ 127.026690661991239, 37.564448566516987 ], [ 127.026738434817076, 37.564440961363722 ], [ 127.026740390267946, 37.564440790735368 ], [ 127.026741680695196, 37.56444085539723 ], [ 127.02675641911776, 37.564426139566876 ], [ 127.026752017330935, 37.564398473046445 ], [ 127.026750656070305, 37.564389916493269 ], [ 127.026744009223009, 37.564388512587868 ], [ 127.026742273081112, 37.564388024308073 ], [ 127.026740660617051, 37.564387316594903 ], [ 127.026739212456235, 37.564386411243618 ], [ 127.026737969223973, 37.564385330049397 ], [ 127.026736962430334, 37.564384103784491 ], [ 127.026736216803073, 37.564382761391123 ], [ 127.026735757001504, 37.564381342627549 ], [ 127.026735589602623, 37.56437988177138 ], [ 127.026735573489759, 37.564378133090003 ], [ 127.026724988355525, 37.56437782025256 ], [ 127.026723125701309, 37.564377641529319 ], [ 127.026721182255088, 37.564377167741107 ], [ 127.026720513217683, 37.56437678468987 ], [ 127.026730397637124, 37.56435290521965 ], [ 127.026744628505782, 37.564317110214198 ], [ 127.026750614677908, 37.564306247718669 ], [ 127.026756772852252, 37.564276428742943 ], [ 127.026757220013565, 37.564275907753036 ], [ 127.026758608586633, 37.564274776718193 ], [ 127.026760031568173, 37.564273934252867 ], [ 127.026761704906903, 37.564273252329841 ], [ 127.02676349680776, 37.564272801627354 ], [ 127.026765359646603, 37.564272592770671 ], [ 127.026767239039671, 37.564272630949887 ], [ 127.026776059421806, 37.564273396397759 ], [ 127.026777856538075, 37.564273553225092 ], [ 127.026789842123335, 37.564227535128374 ], [ 127.026797666090857, 37.564197865240018 ], [ 127.026778786386743, 37.564189565658872 ], [ 127.02674662799663, 37.56418933760569 ], [ 127.026745262923086, 37.564189260025785 ], [ 127.02674391905164, 37.564189052736594 ], [ 127.026742614487389, 37.564188717613433 ], [ 127.026732647118934, 37.56418562028238 ], [ 127.026729984382257, 37.564182326895647 ], [ 127.026718111006019, 37.56416764860311 ], [ 127.026717978373213, 37.564162840276488 ], [ 127.026716386249646, 37.564162139855313 ], [ 127.026712867509332, 37.564160633115478 ], [ 127.026710770143211, 37.564159611591286 ], [ 127.026703812116835, 37.564122920430044 ], [ 127.026703824062508, 37.564120674316506 ], [ 127.026704073317092, 37.564072685698129 ], [ 127.026704177315324, 37.564053025892925 ], [ 127.026706667926518, 37.564008712946752 ], [ 127.026707540003628, 37.564006533375753 ], [ 127.026725848773751, 37.563960811036964 ], [ 127.02673446123832, 37.563939308730831 ], [ 127.026728599079178, 37.563923771213695 ], [ 127.026728262314109, 37.563922592702028 ], [ 127.026728124966468, 37.563921393357354 ], [ 127.026728189209564, 37.56392018761003 ], [ 127.026728454895121, 37.563918998894536 ], [ 127.026738160235439, 37.563887977316242 ], [ 127.026733840114304, 37.563879983060431 ], [ 127.026725219267533, 37.563873100052881 ], [ 127.026702015682545, 37.563854909749701 ], [ 127.026697580782212, 37.563846803265108 ], [ 127.026695010946952, 37.563841356025947 ], [ 127.026677054551683, 37.563804182712758 ], [ 127.026650588283843, 37.563749393565338 ], [ 127.026649958052573, 37.563734825239585 ], [ 127.026648740133794, 37.563706838879831 ], [ 127.026647462031633, 37.563674763759771 ], [ 127.026637565750519, 37.56364218989075 ], [ 127.026624040116971, 37.563597680227218 ], [ 127.026619259111087, 37.563581644086156 ], [ 127.026613065272215, 37.563570932857672 ], [ 127.026589269745372, 37.563529997321012 ], [ 127.026586347538014, 37.56352297851636 ], [ 127.026577340216562, 37.563502383528736 ], [ 127.026559774263745, 37.563462221987088 ], [ 127.026526021365655, 37.563391231585037 ], [ 127.026444803162221, 37.563282603348675 ], [ 127.026409790121846, 37.563235773925598 ], [ 127.026382765749844, 37.563199629583679 ], [ 127.026313998491574, 37.563107656755854 ], [ 127.026314665392491, 37.563107480964476 ], [ 127.02631630840844, 37.563106935029602 ], [ 127.026317821342957, 37.563106189374665 ], [ 127.026319170074117, 37.563105268199187 ], [ 127.026320318283823, 37.563104184877673 ], [ 127.026321241954889, 37.563102977170495 ], [ 127.026321914913979, 37.56310166570362 ], [ 127.026322324472275, 37.563100287381438 ], [ 127.026322455704886, 37.563098874592704 ], [ 127.026322306107616, 37.563097465183972 ], [ 127.026321882274331, 37.563096090728905 ], [ 127.026284763477065, 37.56300667940004 ], [ 127.026283993515236, 37.563005249475083 ], [ 127.026282921572729, 37.563003944527281 ], [ 127.026281585872539, 37.563002807974812 ], [ 127.026280024728905, 37.563001868814474 ], [ 127.02627899020797, 37.563001449141581 ], [ 127.026278283226901, 37.563001159675828 ], [ 127.026276413330663, 37.563000699695635 ], [ 127.026274473832203, 37.563000502630061 ], [ 127.026272519045818, 37.563000574105132 ], [ 127.026270607866252, 37.56300091165312 ], [ 127.02623994199439, 37.563008606902073 ], [ 127.026234020450076, 37.563000686420892 ], [ 127.02620069855314, 37.562956122501369 ], [ 127.026187636705728, 37.562938204442013 ], [ 127.026170113890046, 37.562914169048547 ], [ 127.026148917106013, 37.562885259733939 ], [ 127.025929202830582, 37.562603709304483 ], [ 127.025717443492397, 37.56247788224973 ], [ 127.025712755398231, 37.56247509447207 ], [ 127.02558143669745, 37.562392770326973 ], [ 127.025411401149327, 37.562280093409157 ], [ 127.025392949948611, 37.562272529026167 ], [ 127.025377697045613, 37.562265562473371 ], [ 127.02519907006392, 37.562183977901263 ], [ 127.025094217105448, 37.56213608752681 ], [ 127.02489204370741, 37.562041342716746 ], [ 127.024774474538916, 37.561987216728532 ], [ 127.02467868646292, 37.561942994008248 ], [ 127.024609776826068, 37.56191118105491 ], [ 127.024607970502743, 37.561910344540351 ], [ 127.024607022390256, 37.561910941922569 ], [ 127.02454186834234, 37.561945265222704 ], [ 127.024540233326178, 37.561945979717542 ], [ 127.024538472918977, 37.561946470172785 ], [ 127.024536634743868, 37.561946725964034 ], [ 127.024534769832044, 37.561946734677917 ], [ 127.024532926824335, 37.56194650372111 ], [ 127.024531157826928, 37.561946029698063 ], [ 127.024529509118722, 37.561945335328872 ], [ 127.02452802704164, 37.561944433419107 ], [ 127.024526751075285, 37.561943347562782 ], [ 127.024525714963701, 37.561942113048495 ], [ 127.024507486640431, 37.561915897806863 ], [ 127.024506718524194, 37.561914540886896 ], [ 127.02450624303134, 37.561913105826719 ], [ 127.02450606900787, 37.561911626011877 ], [ 127.024506204121707, 37.561910142034009 ], [ 127.024506642430921, 37.561908698035253 ], [ 127.024507372372412, 37.561907331825687 ], [ 127.024508375601187, 37.561906079385423 ], [ 127.024509624748546, 37.561904971250101 ], [ 127.024511083336321, 37.561904046030797 ], [ 127.024549245894264, 37.561883672395801 ], [ 127.024496065415136, 37.561860488238914 ], [ 127.024458508012088, 37.561818074509368 ], [ 127.024432365548691, 37.561787166501858 ], [ 127.024407258070184, 37.561757494802023 ], [ 127.024388378841451, 37.561735187873452 ], [ 127.024215521861933, 37.561530769359599 ], [ 127.024173989432043, 37.5615018795867 ], [ 127.024138325664865, 37.561477070426065 ], [ 127.024106583727118, 37.561454989222682 ], [ 127.023955136046339, 37.561343257630874 ], [ 127.023913589819117, 37.561314255041758 ], [ 127.023903514349257, 37.561307228054559 ], [ 127.023883501593801, 37.561286050370612 ], [ 127.023856823958809, 37.561257816181744 ], [ 127.023765281085986, 37.561160939497185 ], [ 127.023744930271206, 37.561135962140114 ], [ 127.023732724776409, 37.561120974842943 ], [ 127.023726392883503, 37.561122797967293 ], [ 127.023724526657318, 37.561123194243308 ], [ 127.023722603195978, 37.561123332502525 ], [ 127.02372067686963, 37.561123209358847 ], [ 127.023718804284201, 37.561122825942029 ], [ 127.02371704197104, 37.561122195098982 ], [ 127.023715439622194, 37.561121336859884 ], [ 127.02371404465373, 37.561120273048367 ], [ 127.023712897625231, 37.561119035375313 ], [ 127.023712031141969, 37.561117660026248 ], [ 127.023696855667595, 37.561087387380965 ], [ 127.02369630324948, 37.561085944796268 ], [ 127.023531591420948, 37.5609313558721 ], [ 127.023435258882145, 37.560828419657447 ], [ 127.023393881702475, 37.560737406538564 ], [ 127.023389273263717, 37.560729610191942 ], [ 127.023350209903029, 37.560663576476792 ], [ 127.023348036197731, 37.560652166533757 ], [ 127.023348015884494, 37.560651800503926 ], [ 127.023326175764936, 37.560537533904721 ], [ 127.023278797524213, 37.560289139846304 ], [ 127.023242641312493, 37.560110928676565 ], [ 127.023220086075199, 37.559999481285438 ], [ 127.02315583494493, 37.559900108521923 ], [ 127.023113198255302, 37.559834169352094 ], [ 127.023031898253862, 37.559708488471124 ], [ 127.023025444665478, 37.559698513304212 ], [ 127.023021935329865, 37.559693089227402 ], [ 127.023001102676474, 37.559664405244959 ], [ 127.022759030334427, 37.559331118376797 ], [ 127.022697070893813, 37.559280555483255 ], [ 127.022606621158857, 37.55920674332507 ], [ 127.02257543427244, 37.559181293804095 ], [ 127.022387042898387, 37.559027553913154 ], [ 127.022400688367995, 37.559025452183086 ], [ 127.022415693853162, 37.559023140530286 ], [ 127.022497747997804, 37.559010500193864 ], [ 127.022602523398746, 37.558994358896257 ], [ 127.02264619766207, 37.558987673510288 ], [ 127.022847090554251, 37.558956923014954 ], [ 127.022857254748146, 37.558863325591609 ], [ 127.022867070105661, 37.558772937363301 ], [ 127.022905308067124, 37.558433710327286 ], [ 127.02291392006704, 37.558357301665154 ], [ 127.022915904487959, 37.557862091949559 ], [ 127.022897300785431, 37.557861963594888 ], [ 127.022857747542133, 37.557861690185803 ], [ 127.02282125341344, 37.557861436337973 ], [ 127.022549532097216, 37.557859552764342 ], [ 127.02251657762001, 37.557803530405948 ], [ 127.022508450449834, 37.557789714999672 ], [ 127.021901687248857, 37.557479197145575 ], [ 127.0215982329171, 37.557566714852335 ], [ 127.021562831430586, 37.557576922502541 ], [ 127.020917946917947, 37.557756784857027 ], [ 127.020913355267766, 37.557765886982565 ], [ 127.020907050455421, 37.557778368526897 ], [ 127.020886216383602, 37.557819608162049 ], [ 127.02088278402293, 37.557818821776905 ], [ 127.020881836274555, 37.557821487728589 ], [ 127.020873383962751, 37.557823133544439 ], [ 127.020756458902255, 37.557794731577381 ], [ 127.02072909251828, 37.557784961629231 ], [ 127.020730592717385, 37.557781953605776 ], [ 127.020658881746598, 37.557764470145017 ], [ 127.020657066906367, 37.55776887398212 ], [ 127.020656299140953, 37.55777030761638 ], [ 127.020655231023468, 37.557771613842306 ], [ 127.020653896779194, 37.557772752238066 ], [ 127.020652337357205, 37.557773693225357 ], [ 127.020650595970949, 37.557774407235115 ], [ 127.020648752075289, 37.55777486304266 ], [ 127.020646785233225, 37.557775069578511 ], [ 127.020644829221197, 37.557774999443943 ], [ 127.020642917941245, 37.557774662691486 ], [ 127.020589836582261, 37.557761392019124 ], [ 127.02053018760563, 37.557746481236229 ], [ 127.020528409236661, 37.557745898953222 ], [ 127.020526781794217, 37.557745086537565 ], [ 127.020525348150969, 37.557744067598499 ], [ 127.020524151156621, 37.557742869350541 ], [ 127.020523226798375, 37.557741529796502 ], [ 127.020522602040671, 37.557740081494508 ], [ 127.020522292433668, 37.557738571377854 ], [ 127.020522306757641, 37.557737042747021 ], [ 127.020522647028528, 37.557735534368213 ], [ 127.020523985718981, 37.557731581978409 ], [ 127.020281627626574, 37.557672491097449 ], [ 127.020232959365487, 37.557659634789367 ], [ 127.020018126485908, 37.557604662614118 ], [ 127.019962930825173, 37.557590618720369 ], [ 127.019945665660629, 37.557586224748313 ], [ 127.019945098896756, 37.557587739415361 ], [ 127.019839335842207, 37.557561458633998 ], [ 127.019840455061924, 37.557559600997308 ], [ 127.019824561663953, 37.557555635319297 ], [ 127.019823747062276, 37.55755554367407 ], [ 127.019815285900947, 37.557553276619423 ], [ 127.019790614703183, 37.557552630961652 ], [ 127.019746039075457, 37.557540728502367 ], [ 127.019621006361348, 37.557507335009682 ], [ 127.01961623632701, 37.557505931128752 ], [ 127.019619038631149, 37.557500978797989 ], [ 127.019618535363733, 37.557500714457589 ], [ 127.019605219343291, 37.557497031444242 ], [ 127.019604962217329, 37.557497578418619 ], [ 127.019604027780872, 37.557498869856019 ], [ 127.019602836075862, 37.557500025044178 ], [ 127.019601744318891, 37.557500778637049 ], [ 127.019601421328019, 37.557501003561612 ], [ 127.019599822164452, 37.55750178483445 ], [ 127.019598084028544, 37.557502344711132 ], [ 127.019596254570132, 37.557502668062611 ], [ 127.019594381398562, 37.557502746069076 ], [ 127.019592518858389, 37.55750257895167 ], [ 127.019590716765421, 37.557502166913089 ], [ 127.019590212769003, 37.557502016139665 ], [ 127.019586393294006, 37.557500865799177 ], [ 127.019545942960917, 37.557488693420865 ], [ 127.019544183305229, 37.557488020162857 ], [ 127.01954259722207, 37.557487116865651 ], [ 127.019541227560595, 37.557486010744107 ], [ 127.019540117140949, 37.557484733519701 ], [ 127.019539299691175, 37.557483322285044 ], [ 127.019538797565474, 37.557481822198561 ], [ 127.019538626348108, 37.557480274785839 ], [ 127.019538790266765, 37.557478726934171 ], [ 127.019539286767738, 37.557477223700694 ], [ 127.0195811788724, 37.557384041383322 ], [ 127.019581948380448, 37.557382691588607 ], [ 127.019582986605656, 37.557381458260082 ], [ 127.019584263868353, 37.557380379133576 ], [ 127.01958574601808, 37.557379482913397 ], [ 127.019587392174998, 37.557378788361518 ], [ 127.019589159148666, 37.557378321441313 ], [ 127.019590999329765, 37.557378090972598 ], [ 127.019592862873751, 37.557378101259253 ], [ 127.019594697665752, 37.557378357497349 ], [ 127.019596453953724, 37.557378849569623 ], [ 127.019637335171211, 37.557393382515869 ], [ 127.019640146893224, 37.557387138588716 ], [ 127.019638374002113, 37.557386763625018 ], [ 127.019636799342038, 37.557386197480291 ], [ 127.019601511535669, 37.55737091032929 ], [ 127.019600003942756, 37.557370126330348 ], [ 127.019598669603653, 37.557369161865061 ], [ 127.019597544591775, 37.557368041416638 ], [ 127.019596658152707, 37.557366794848654 ], [ 127.019596032756368, 37.557365449292966 ], [ 127.01959568174, 37.55736404356194 ], [ 127.019595613952745, 37.557362610140139 ], [ 127.019595833680157, 37.557361186901701 ], [ 127.019596336173706, 37.557359808078587 ], [ 127.019628077746432, 37.557292933595981 ], [ 127.01941814104832, 37.557437318236708 ], [ 127.019409625012059, 37.55743266956388 ], [ 127.019356145916731, 37.557403482488873 ], [ 127.019350531742262, 37.557400418480121 ], [ 127.019349208788867, 37.557391688931055 ], [ 127.019008741612993, 37.557239056834099 ], [ 127.018968429260084, 37.557233989258279 ], [ 127.018897894146846, 37.55723345940013 ], [ 127.018858966352227, 37.557233167371173 ], [ 127.018793001821521, 37.557216283059326 ], [ 127.018647611760358, 37.557085938416634 ], [ 127.018622540597107, 37.557076564918276 ], [ 127.018359598124562, 37.556978262184224 ], [ 127.018072500515416, 37.55688810671996 ], [ 127.018022317854516, 37.556831369222159 ], [ 127.018006141715659, 37.556816320952159 ], [ 127.017899157410156, 37.556716797883723 ], [ 127.017836803014106, 37.556658792882033 ], [ 127.017829305744058, 37.556601492305994 ], [ 127.017828964100445, 37.556600043343124 ], [ 127.017828329957894, 37.556598655378842 ], [ 127.017827418882121, 37.556597372642919 ], [ 127.017826260135166, 37.556596222295248 ], [ 127.017824877265966, 37.556595239584723 ], [ 127.01782331314574, 37.556594448121444 ], [ 127.017821608392964, 37.556593869703711 ], [ 127.017819808178047, 37.55659352254299 ], [ 127.017817960016984, 37.556593412241376 ], [ 127.017816114822224, 37.556593544414945 ], [ 127.017773037409256, 37.556599474224825 ], [ 127.01776210031845, 37.556589300185763 ], [ 127.017679933470049, 37.556477083618653 ], [ 127.017636297953558, 37.55639694752125 ], [ 127.017461003777711, 37.556075019020525 ], [ 127.017418038970177, 37.555996113217923 ], [ 127.017410698772338, 37.555982633274439 ], [ 127.017338932832558, 37.555850834785176 ], [ 127.017301908747299, 37.555574479188536 ], [ 127.017287566106901, 37.555467445644332 ], [ 127.017287360877035, 37.555465913411844 ], [ 127.017282318689496, 37.555428271354579 ], [ 127.017277173807784, 37.555389876249869 ], [ 127.017276723383929, 37.555386513274563 ], [ 127.017275535211681, 37.555377642739217 ], [ 127.017275966730665, 37.555172089853741 ], [ 127.017254846618002, 37.555031071131282 ], [ 127.017233602873546, 37.554889221753086 ], [ 127.017115585098153, 37.554822995577211 ], [ 127.017086433156678, 37.554746291344365 ], [ 127.017045823614055, 37.554639436950865 ], [ 127.016876224753361, 37.554487501080359 ], [ 127.016834651088161, 37.554450257533695 ], [ 127.016914477293554, 37.554256660510909 ], [ 127.016944076039806, 37.554184807906395 ], [ 127.01698358926248, 37.554088885639672 ], [ 127.016941405129003, 37.553973652117314 ], [ 127.0168936829361, 37.553843289290505 ], [ 127.016917545284528, 37.553771205905285 ], [ 127.016928856272116, 37.553737054959043 ], [ 127.016934437126224, 37.553712424063228 ], [ 127.016942581838521, 37.553676462868921 ], [ 127.016961695526405, 37.553612499236415 ], [ 127.016903042458253, 37.553577576216163 ], [ 127.016880623953853, 37.553565957120348 ], [ 127.016869310878221, 37.553560096219741 ], [ 127.016825717359069, 37.553537503058287 ], [ 127.016824332044763, 37.553536559083781 ], [ 127.016726113757088, 37.553469760955238 ], [ 127.016698803072771, 37.553455724209392 ], [ 127.0166193851678, 37.553414904144013 ], [ 127.016491093715715, 37.553261418828896 ], [ 127.016472426327866, 37.553239084442275 ], [ 127.016322697747569, 37.553059948858433 ], [ 127.016320311346163, 37.553054320065399 ], [ 127.016319367963519, 37.553052090767181 ], [ 127.016302440284747, 37.553012140280359 ], [ 127.016300038298979, 37.553006470862279 ], [ 127.016192685029253, 37.552753124768138 ], [ 127.016149631952402, 37.552636884179201 ], [ 127.016000849007085, 37.552614161561607 ], [ 127.01595155558482, 37.552563802051061 ], [ 127.015658756593695, 37.552264674419924 ], [ 127.015477746422619, 37.552110420994218 ], [ 127.015134466758568, 37.55181788107096 ], [ 127.015133099909363, 37.551816716321461 ], [ 127.015002877797698, 37.551683049341918 ], [ 127.014978039041722, 37.551657553567949 ], [ 127.014861020670196, 37.551537441093515 ], [ 127.01468909951106, 37.551382078177454 ], [ 127.014411374091111, 37.551131098224552 ], [ 127.014286440504108, 37.551006640562299 ], [ 127.013974358017592, 37.550729224941854 ], [ 127.013973855992091, 37.550728779410953 ], [ 127.013732492745206, 37.550514225974304 ], [ 127.013469550124682, 37.550314758261962 ], [ 127.013220760459674, 37.550126026609369 ], [ 127.01322028055057, 37.550125663189313 ], [ 127.013134265081305, 37.550050998505355 ], [ 127.01307942807945, 37.550005848167551 ], [ 127.012956347381916, 37.549904513665226 ], [ 127.01273961317041, 37.549726047998632 ], [ 127.0126419395732, 37.549645597747286 ], [ 127.012580705975111, 37.549601975604148 ], [ 127.012574260969359, 37.5495965913709 ], [ 127.01252231213995, 37.549560375165036 ], [ 127.012518012030711, 37.549557314452244 ], [ 127.012475008763886, 37.549526696490616 ], [ 127.012436030675275, 37.549498944303537 ], [ 127.012426907610674, 37.549492450257418 ], [ 127.012408663876386, 37.549487089401879 ], [ 127.012310116567335, 37.549458132132074 ], [ 127.012166619329818, 37.54941588884742 ], [ 127.01210557272799, 37.549294672658071 ], [ 127.011985395662151, 37.549056049094219 ], [ 127.011884704572353, 37.548856669642902 ], [ 127.011832696150861, 37.54875369073968 ], [ 127.011595019166975, 37.54848791986884 ], [ 127.011314607350471, 37.548359289739281 ], [ 127.011216483759299, 37.548314278450626 ], [ 127.010992338106306, 37.548211459890297 ], [ 127.010927325947762, 37.548181636239903 ], [ 127.010919743998187, 37.548183619354482 ], [ 127.010587852327888, 37.548269059583824 ], [ 127.010324163599662, 37.548100292568783 ], [ 127.01030852959191, 37.548090285833574 ], [ 127.010227847873196, 37.548038648120119 ], [ 127.010022004486231, 37.54790690267216 ], [ 127.009823641807941, 37.547899729359607 ], [ 127.009689886555933, 37.547893149397161 ], [ 127.009670194469521, 37.547890538435212 ], [ 127.009542807380839, 37.547741719149457 ], [ 127.009305387502408, 37.547464358761594 ], [ 127.009204181001195, 37.547281805780216 ], [ 127.009086935812917, 37.547057179471963 ], [ 127.009130673602911, 37.546731250745417 ], [ 127.009174607279192, 37.546532499813942 ], [ 127.009199431205943, 37.546420188308183 ], [ 127.0091660575861, 37.54639722197021 ], [ 127.008954594133598, 37.546251701172423 ], [ 127.008878263177976, 37.546176123613996 ], [ 127.008728962401264, 37.546028296599289 ], [ 127.008709153152054, 37.546016709336854 ], [ 127.008624838848164, 37.545875709886047 ], [ 127.008152554357764, 37.545025777724497 ], [ 127.008325377280272, 37.544889268552346 ], [ 127.008577096829526, 37.544571968178687 ], [ 127.008886933444614, 37.544489733514872 ], [ 127.008909326835649, 37.544484560955105 ], [ 127.008930792828238, 37.544479603562664 ], [ 127.008983724627484, 37.544134219456637 ], [ 127.008636590827123, 37.544074211070573 ], [ 127.008373931350391, 37.54402880556502 ], [ 127.007822643851725, 37.543942683360534 ], [ 127.007820345453297, 37.543942405177866 ], [ 127.007816452837019, 37.543941837325939 ], [ 127.00745912775254, 37.543886392512903 ], [ 127.007294410459124, 37.543860227738143 ], [ 127.007289394716054, 37.543861064895928 ], [ 127.007276422750962, 37.543863013570864 ], [ 127.007265701175868, 37.543857398481251 ], [ 127.007263524951881, 37.543857133416495 ], [ 127.00696418096625, 37.54416276518802 ], [ 127.006744342206787, 37.544387323686053 ], [ 127.006445914008722, 37.544692826332145 ], [ 127.00602072122787, 37.545113778410318 ], [ 127.005678299917221, 37.545474683131054 ], [ 127.005515898796929, 37.545645849326121 ], [ 127.005017035822164, 37.546171629935216 ], [ 127.005016400964635, 37.546174507991267 ], [ 127.005011198343695, 37.546198101574689 ], [ 127.005006254521234, 37.546220904856582 ], [ 127.005305806905596, 37.546874961738716 ], [ 127.0053493285521, 37.54693918323489 ], [ 127.005433641008636, 37.547063598320811 ], [ 127.005329866846765, 37.54734854207662 ], [ 127.00551323846318, 37.547504236099726 ], [ 127.005566810475671, 37.547525353744753 ], [ 127.005603939598217, 37.547567867284862 ], [ 127.005603877131136, 37.547569440781594 ], [ 127.005602527957549, 37.547603342142111 ], [ 127.005603942759009, 37.547604754173001 ], [ 127.005644434880239, 37.54765092864568 ], [ 127.005674898020615, 37.547686322427332 ], [ 127.005689255568598, 37.547703003439466 ], [ 127.005701379734447, 37.54771708822404 ], [ 127.005745218045959, 37.547767765395676 ], [ 127.005747530161742, 37.547772840664436 ], [ 127.005761846579787, 37.547802957028132 ], [ 127.005810124617881, 37.547866026500046 ], [ 127.005874846876068, 37.547946274205415 ], [ 127.005945212947324, 37.548007088934881 ], [ 127.006127524184535, 37.548193190930306 ], [ 127.006128086790227, 37.548195769343486 ], [ 127.006130888379886, 37.548208679388438 ], [ 127.00613159060552, 37.548212058784877 ], [ 127.006114950477695, 37.548260254706477 ], [ 127.006065840993969, 37.548355877272925 ], [ 127.005991524676531, 37.54833760876631 ], [ 127.005956195899884, 37.548343147574201 ], [ 127.005694813237312, 37.548282209371671 ], [ 127.005333087530303, 37.548355481389251 ], [ 127.005281725885325, 37.548365885918287 ], [ 127.005269399974807, 37.54834840756331 ], [ 127.0049972320476, 37.548402257390805 ], [ 127.005001813809585, 37.548422586729771 ], [ 127.004956762761054, 37.548431712416324 ], [ 127.004912564302586, 37.548485487354192 ], [ 127.004688546952309, 37.548685124478347 ], [ 127.004639850650605, 37.548989471189351 ], [ 127.004633950764287, 37.549026344118587 ], [ 127.004631089750774, 37.549030658597758 ], [ 127.004618310568958, 37.549124096654275 ], [ 127.004596770419084, 37.549258720308998 ], [ 127.004572585002393, 37.549409860017626 ], [ 127.004572062584316, 37.54962356438638 ], [ 127.004574897135385, 37.549800103935681 ], [ 127.004570835648352, 37.549814744652856 ], [ 127.004560404813745, 37.549849940077145 ], [ 127.004373343781808, 37.550153748323808 ], [ 127.004355659046894, 37.550197384168214 ], [ 127.004336134333229, 37.550211148749959 ], [ 127.004322244405884, 37.550204517795237 ], [ 127.004209425549377, 37.550150653550325 ], [ 127.004185027707365, 37.550145022220519 ], [ 127.003996008017168, 37.550112645036663 ], [ 127.003721581524346, 37.550066193666034 ], [ 127.003580737509921, 37.55004812983281 ], [ 127.003480125630418, 37.5500352266966 ], [ 127.003466961515656, 37.550033539895431 ], [ 127.003453879078137, 37.550028756396927 ], [ 127.00342134547185, 37.550019467267731 ], [ 127.003345086680753, 37.549967749736105 ], [ 127.002864184410257, 37.549641616640677 ], [ 127.002843498221068, 37.54963626565808 ], [ 127.002827438207845, 37.549632890081078 ], [ 127.002747078438901, 37.549635567607197 ], [ 127.002650408424216, 37.549638794705309 ], [ 127.00262933142713, 37.549642170714968 ], [ 127.002198636256807, 37.54971116758977 ], [ 127.002102428096507, 37.54983010972397 ], [ 127.002002548626635, 37.5499535899135 ], [ 127.001848711927721, 37.550001740087133 ], [ 127.001683986741114, 37.550059724707388 ], [ 127.001352736986462, 37.550027642500503 ], [ 127.001339823739784, 37.550022293434736 ], [ 127.001327093088619, 37.550014686355262 ], [ 127.001155582819464, 37.549910793345525 ], [ 127.001121464613277, 37.549901505902277 ], [ 127.001109296458608, 37.549897834667988 ], [ 127.001069126000132, 37.549896714910567 ], [ 127.001008649475096, 37.549913047798405 ], [ 127.00094481503136, 37.549935848973 ], [ 127.000884417225919, 37.549967871030255 ], [ 127.000810560657598, 37.549853291045025 ], [ 127.000399434588616, 37.549953101918646 ], [ 127.000376697442263, 37.549939225870339 ], [ 127.000141703016411, 37.549821814703598 ], [ 127.000124066106423, 37.549817588419906 ], [ 127.000104082450989, 37.549817588543831 ], [ 126.999703715957835, 37.549782782640548 ], [ 126.999659307259122, 37.549778920565728 ], [ 126.999446693193349, 37.549760428681971 ], [ 126.999346280938568, 37.549751697925721 ], [ 126.999094422663319, 37.549733112912442 ], [ 126.998908950320811, 37.549795000426407 ], [ 126.998607984167307, 37.549709163540456 ], [ 126.998594091682818, 37.549707060285137 ], [ 126.998592472172419, 37.549706815451472 ], [ 126.998579907273594, 37.549704934156061 ], [ 126.998347038584825, 37.549701275227726 ], [ 126.998324798723488, 37.549695361621815 ], [ 126.997938106785398, 37.549483049075647 ], [ 126.997659978531615, 37.549362255177378 ], [ 126.997428718905965, 37.549159246073458 ], [ 126.997378323562415, 37.549000722028282 ], [ 126.997222260366541, 37.548881996955856 ], [ 126.997044056542435, 37.548746426676836 ], [ 126.996748005223054, 37.548521199560376 ], [ 126.99675474493705, 37.548239082226253 ], [ 126.996690389133491, 37.548080837276459 ], [ 126.996693229890155, 37.548063098192834 ], [ 126.996746626800231, 37.547970189260226 ], [ 126.996697308257666, 37.547816172634882 ], [ 126.996355190643442, 37.547448725977844 ], [ 126.996052140189491, 37.547390144946043 ], [ 126.995588723774446, 37.547300302581768 ], [ 126.995586776247237, 37.547300025659844 ], [ 126.995580065873682, 37.547298617927844 ], [ 126.995311305922868, 37.547246833443246 ], [ 126.995235104678727, 37.547232152814658 ], [ 126.995224499982768, 37.547231596415251 ], [ 126.995219894825084, 37.547232432109979 ], [ 126.995148998738003, 37.547247915260876 ], [ 126.995070848660731, 37.54726705747796 ], [ 126.994809149546441, 37.547327860871974 ], [ 126.994756290165967, 37.547345876232214 ], [ 126.994697050077392, 37.547365297410281 ], [ 126.994514401005347, 37.547452009715904 ], [ 126.994459051510447, 37.547488044893349 ], [ 126.994350650640769, 37.547646559093202 ], [ 126.994304649636803, 37.547879965034582 ], [ 126.994183704306366, 37.547997646456949 ], [ 126.994009145577749, 37.548409848531712 ], [ 126.993777368803705, 37.548555715659965 ], [ 126.993776857192216, 37.548556037952622 ], [ 126.993371683961456, 37.548811026317409 ], [ 126.993336666674409, 37.54885550731322 ], [ 126.993326045891138, 37.548867163065474 ], [ 126.993324804979537, 37.548868524187299 ], [ 126.993171736524843, 37.54903780058207 ], [ 126.993117798873143, 37.549097451137676 ], [ 126.992986009650295, 37.549450337084387 ], [ 126.99295942377978, 37.549521530518383 ], [ 126.992821844198929, 37.549646764487093 ], [ 126.992366077886899, 37.550061635165271 ], [ 126.992343975820859, 37.550068008227427 ], [ 126.991658239568309, 37.550265705634466 ], [ 126.991647274264793, 37.55027134594269 ], [ 126.991297323185634, 37.550527811369719 ], [ 126.990996507271845, 37.55076767198733 ], [ 126.990976349084761, 37.550789636605842 ], [ 126.990831476392017, 37.550995427342194 ], [ 126.990785877097537, 37.551060196371807 ], [ 126.990764654432695, 37.55108018691304 ], [ 126.990706300207648, 37.551117906380703 ], [ 126.990244944339238, 37.551280609187188 ], [ 126.990238436576405, 37.551281164264502 ], [ 126.989891908752938, 37.55126002818286 ], [ 126.989868180841754, 37.551260856764202 ], [ 126.989657614584942, 37.551293777188903 ], [ 126.989476473073339, 37.551322187924683 ], [ 126.989471418074373, 37.551319383601971 ], [ 126.989379023838282, 37.551276612531062 ], [ 126.989158783882601, 37.551401855119721 ], [ 126.988750355023342, 37.551524281603406 ], [ 126.988655576081186, 37.55155269092765 ], [ 126.988065773617151, 37.551474668797596 ], [ 126.988033313492636, 37.55150447899598 ], [ 126.988009244431197, 37.551500550204508 ], [ 126.987778920388237, 37.551460815756833 ], [ 126.987725093041277, 37.551451529079777 ], [ 126.987719172126717, 37.551450695782016 ], [ 126.987700526376102, 37.551452655538242 ], [ 126.987564187222745, 37.551493462889106 ], [ 126.987563121769185, 37.551494309138945 ], [ 126.987541366729261, 37.551507252740052 ], [ 126.98742392875441, 37.551671112159092 ], [ 126.987420396333079, 37.551680400552684 ], [ 126.987406745873386, 37.55181188963018 ], [ 126.987400564419104, 37.551825125249096 ], [ 126.987175593963684, 37.552085536961854 ], [ 126.987113299924445, 37.552199866640834 ], [ 126.987076188495394, 37.552267977231217 ], [ 126.987051953883039, 37.552292469772574 ], [ 126.986797865806039, 37.552452992000177 ], [ 126.986595681134872, 37.552580722949692 ], [ 126.986530092639413, 37.552699475324559 ], [ 126.986440021916039, 37.552862550480071 ], [ 126.986107840809851, 37.553340871687745 ], [ 126.985818169280307, 37.553521030508776 ], [ 126.985785278563228, 37.553536794278642 ], [ 126.98560839560686, 37.553617985271416 ], [ 126.985418094708962, 37.553705336827356 ], [ 126.985411696595193, 37.553702587770033 ], [ 126.985399150357679, 37.553696956442877 ], [ 126.985216905251022, 37.553576616085934 ], [ 126.985022563273432, 37.553448285406581 ], [ 126.984764657069519, 37.553246885898076 ], [ 126.9846237117101, 37.553136818144054 ], [ 126.984603376457926, 37.553129221142385 ], [ 126.984510620740195, 37.553114688471631 ], [ 126.984275199764681, 37.553077801142209 ], [ 126.984200197316298, 37.553066049817957 ], [ 126.984159149555609, 37.55305961693292 ], [ 126.98402768933704, 37.553039046999416 ], [ 126.98396396528311, 37.553053244175103 ], [ 126.983682541508841, 37.55311612863089 ], [ 126.983569564066727, 37.553174719768549 ], [ 126.983383489570429, 37.553271224409599 ], [ 126.983367132486919, 37.553290234397316 ], [ 126.98330937355793, 37.553357368307609 ], [ 126.983153110564544, 37.553382956905033 ], [ 126.98312819890171, 37.553380659378668 ], [ 126.983083213726957, 37.553376483887888 ], [ 126.983047208052938, 37.553373387852041 ], [ 126.983043867947742, 37.553373101020597 ], [ 126.982484271561518, 37.553478310321232 ], [ 126.982220515401949, 37.553622044000605 ], [ 126.982197595850081, 37.553634533530527 ], [ 126.982020014610228, 37.55379442906618 ], [ 126.981719087653403, 37.553859402719411 ], [ 126.981652344896688, 37.553853223920527 ], [ 126.981187271420367, 37.55381006894595 ], [ 126.981168685150024, 37.55381117885824 ], [ 126.981099546108041, 37.553820456363333 ], [ 126.980981775270507, 37.553834508126023 ], [ 126.980942332242847, 37.553847737792374 ], [ 126.980890253547585, 37.553868272306758 ], [ 126.980847732841355, 37.553860678068339 ], [ 126.980845603254892, 37.55385757888088 ], [ 126.980829698960648, 37.553833076987864 ], [ 126.980802269819023, 37.55380133345362 ], [ 126.980775431440264, 37.553770277535939 ], [ 126.980691291858633, 37.553671155718305 ], [ 126.980687218902446, 37.553667492749575 ], [ 126.980583437110127, 37.553578116373458 ], [ 126.980714081108914, 37.553517909467843 ], [ 126.980553532953778, 37.553247272700609 ], [ 126.980204153706921, 37.55337155440936 ], [ 126.98008276429168, 37.553355408582014 ], [ 126.979892129202625, 37.553330048689226 ], [ 126.979849019328256, 37.553327791087092 ], [ 126.979671132807937, 37.553323528087397 ], [ 126.979650977501294, 37.553322682130343 ], [ 126.979366175473928, 37.553298970440501 ], [ 126.979363763138366, 37.553298770520087 ], [ 126.979193395296178, 37.553284580049421 ], [ 126.978895381064092, 37.553249871077483 ], [ 126.978731862156124, 37.55320457577686 ], [ 126.978730795074483, 37.553233595399938 ], [ 126.978715862109553, 37.553699757549644 ], [ 126.978713772284166, 37.55376507988418 ], [ 126.978712803649259, 37.553795241947867 ], [ 126.978713335770991, 37.553799466214748 ], [ 126.978714748281149, 37.553801150762396 ], [ 126.978715979577686, 37.553802845326153 ], [ 126.978782684045996, 37.554023202299874 ], [ 126.97879618339924, 37.554067806545035 ], [ 126.978796893510079, 37.554071184329302 ], [ 126.978798655932536, 37.55408244995467 ], [ 126.978797062040627, 37.554084699895903 ], [ 126.978795112956462, 37.554087231292648 ], [ 126.978661065160338, 37.554149427434091 ], [ 126.978541657520424, 37.554204893714704 ], [ 126.978470745263166, 37.554237829459829 ], [ 126.978201768292223, 37.554362764970904 ], [ 126.978155610185979, 37.554383876064392 ], [ 126.978142904818185, 37.554391385829376 ], [ 126.978104672720036, 37.554413986711204 ], [ 126.978102194746327, 37.554415401691585 ], [ 126.978099898000337, 37.554416804854085 ], [ 126.977857063510939, 37.554567393937084 ], [ 126.977825233736382, 37.554586244586758 ], [ 126.97778218214377, 37.554616750507662 ], [ 126.977750943059391, 37.554638882855777 ], [ 126.977706025405183, 37.554672661403288 ], [ 126.977667167961101, 37.554702091597456 ], [ 126.977456877480591, 37.554861352372406 ], [ 126.977262602724636, 37.555008479415399 ], [ 126.977257823157331, 37.555011009070725 ], [ 126.976844527894428, 37.555133405977131 ], [ 126.976837284457105, 37.555135647082757 ], [ 126.97682931410084, 37.555137897585823 ], [ 126.976826665712849, 37.555138742131732 ], [ 126.976792362618724, 37.555148870908418 ], [ 126.976781395458801, 37.555152247432787 ], [ 126.976774595100622, 37.555154268766323 ], [ 126.976549763177459, 37.555221114905258 ], [ 126.976547878957732, 37.555219213719965 ], [ 126.976526416581592, 37.554723110094699 ], [ 126.976523309569913, 37.554651298500282 ], [ 126.976514655635398, 37.554453149126786 ], [ 126.976504529775326, 37.554221358495468 ], [ 126.976504100955907, 37.554213065989664 ], [ 126.976503304921465, 37.554197708888012 ], [ 126.976502780463036, 37.554176869185468 ], [ 126.976499807076067, 37.554066215458633 ], [ 126.976498805314108, 37.55405372553578 ], [ 126.976457130823903, 37.553534225109992 ], [ 126.976455785580455, 37.553517430623927 ], [ 126.976455787434574, 37.55351069214916 ], [ 126.976442238869041, 37.553331894619582 ], [ 126.976434494533748, 37.553229686990363 ], [ 126.976431503806737, 37.55316295769596 ], [ 126.976428520981173, 37.553088626460159 ], [ 126.976428859216099, 37.553087209237027 ], [ 126.976426050655931, 37.553088626322044 ], [ 126.976400078315663, 37.553101726723952 ], [ 126.9763460794358, 37.553128965767272 ], [ 126.976014076675042, 37.553296426337369 ], [ 126.97590198250839, 37.553352965270811 ], [ 126.975831811236134, 37.55338835799752 ], [ 126.975830215477586, 37.553388924171053 ], [ 126.975706613352045, 37.553402234521151 ], [ 126.975348027260267, 37.553440847243017 ], [ 126.975230492163845, 37.55345350623859 ], [ 126.974470357527096, 37.553535351484243 ], [ 126.974350649073187, 37.553548239687935 ], [ 126.974347289787289, 37.553549075605595 ], [ 126.974329718838902, 37.553559076258836 ], [ 126.974143024089528, 37.553665335950456 ], [ 126.974061232166534, 37.553711886837434 ], [ 126.973353833923213, 37.554114495539224 ], [ 126.973338982059673, 37.554123221045849 ], [ 126.973114500839799, 37.554250739195865 ], [ 126.973104635404141, 37.554256343020839 ], [ 126.973090475788098, 37.554262255772393 ], [ 126.972979415524904, 37.554302486623946 ], [ 126.972948098153594, 37.554343590733986 ], [ 126.972947214447998, 37.554345286732421 ], [ 126.97281008604223, 37.554423607413113 ], [ 126.972413078852142, 37.554650356555044 ], [ 126.972412013708833, 37.554651770517914 ], [ 126.972408073368541, 37.554877297313865 ], [ 126.971623952891832, 37.554877098835377 ], [ 126.971587467802635, 37.554877088783918 ], [ 126.971570464971791, 37.554877084795642 ], [ 126.971491233913895, 37.554877065466506 ], [ 126.9714682706242, 37.554860174161213 ], [ 126.971465279003283, 37.554534820886253 ], [ 126.97178767204538, 37.554206763091756 ], [ 126.971788091642608, 37.554206343137849 ], [ 126.971789091929338, 37.55420513620053 ], [ 126.971789839359232, 37.554203823575591 ], [ 126.971790311099099, 37.554202432201322 ], [ 126.971790497862912, 37.554200994484738 ], [ 126.971790394804174, 37.554199555471598 ], [ 126.971790003970852, 37.554198145816869 ], [ 126.971789334127266, 37.554196807021818 ], [ 126.971788405460686, 37.554195566217203 ], [ 126.971787240320936, 37.554194464965015 ], [ 126.971785865751585, 37.554193521413211 ], [ 126.971785473377238, 37.554193292518029 ], [ 126.971691555925162, 37.554138539036508 ], [ 126.971691068720673, 37.554138271860062 ], [ 126.971585554385314, 37.55408437315964 ], [ 126.971584879631905, 37.554084051062489 ], [ 126.97143967565836, 37.554020683497697 ], [ 126.97143865721381, 37.554020293161336 ], [ 126.971255567632369, 37.553960065515092 ], [ 126.971254826505572, 37.553959844069844 ], [ 126.971123530481748, 37.553924979547439 ], [ 126.971122469056326, 37.553924744047762 ], [ 126.970987485951866, 37.55390106121169 ], [ 126.970986590209009, 37.553900931009565 ], [ 126.970798595399117, 37.553880929491257 ], [ 126.970797545268638, 37.553880858084717 ], [ 126.97067599721214, 37.553878034625718 ], [ 126.970586513187229, 37.553875955114719 ], [ 126.970585581367956, 37.553875963555434 ], [ 126.970510413227174, 37.553879987211005 ], [ 126.970439407308319, 37.553883787925407 ], [ 126.970438709517694, 37.553883842482044 ], [ 126.970437886811837, 37.553883950559303 ], [ 126.970246374398101, 37.55391531825893 ], [ 126.970245739546129, 37.553915437993894 ], [ 126.970046339195591, 37.553959127463514 ], [ 126.970045905987121, 37.553959230075492 ], [ 126.970045059680217, 37.553959473246337 ], [ 126.969891528130745, 37.55400941096417 ], [ 126.969891124088647, 37.554009551563148 ], [ 126.969789684413485, 37.554046781455945 ], [ 126.969788980483244, 37.554047063120947 ], [ 126.969672354128875, 37.554099612533072 ], [ 126.969670835782097, 37.554100429545635 ], [ 126.9696695085795, 37.554101433094523 ], [ 126.9696683976576, 37.554102590844025 ], [ 126.969667537133247, 37.554103881315122 ], [ 126.969666949955311, 37.554105261346116 ], [ 126.969666647649476, 37.55410670214566 ], [ 126.969666641856179, 37.55410815869859 ], [ 126.969666932805481, 37.554109598557432 ], [ 126.969667511721426, 37.554110982023438 ], [ 126.96966836299714, 37.554112274775228 ], [ 126.969948381792022, 37.554464439721613 ], [ 126.969947180669379, 37.554876664168859 ], [ 126.969726103191647, 37.5548766034686 ], [ 126.969736785817474, 37.55430241866938 ], [ 126.969736651750168, 37.554300887577789 ], [ 126.969736191351188, 37.554299394679951 ], [ 126.969735417861088, 37.554297988708122 ], [ 126.969734360472373, 37.554296704044653 ], [ 126.969733041520868, 37.554295584054543 ], [ 126.969731501558584, 37.55429465776308 ], [ 126.969729785665919, 37.554293954215865 ], [ 126.969727950333962, 37.554293489890874 ], [ 126.969726036178557, 37.55429328480016 ], [ 126.969725230159924, 37.554293273969378 ], [ 126.969339150868308, 37.554299712815073 ], [ 126.969337227313545, 37.554299875425926 ], [ 126.969335365304019, 37.55430029970438 ], [ 126.969333621560807, 37.554300969681094 ], [ 126.969332043786366, 37.554301863938129 ], [ 126.969330684186019, 37.554302964683131 ], [ 126.969329579294453, 37.554304228815589 ], [ 126.96932875876405, 37.554305625823012 ], [ 126.969328252324019, 37.554307114376932 ], [ 126.969328069338061, 37.554308651254722 ], [ 126.969322224398923, 37.554876494231578 ], [ 126.969177196601294, 37.554876451610113 ], [ 126.969173320261049, 37.554876264729188 ], [ 126.969171549028815, 37.554876179249995 ], [ 126.969171577579544, 37.554877580974868 ], [ 126.969186082358988, 37.555662311233348 ], [ 126.969183594368033, 37.555662555129331 ], [ 126.968996910456823, 37.555566554054707 ], [ 126.968962001672324, 37.555548583707974 ], [ 126.968578884868975, 37.55535136655061 ], [ 126.968092506869866, 37.555100991988745 ], [ 126.967970050204016, 37.555037955193626 ], [ 126.967746730365107, 37.554922994844169 ], [ 126.967265016724255, 37.554675013853171 ], [ 126.967200054743444, 37.554641570941186 ], [ 126.967160783611376, 37.55462135494755 ], [ 126.967035827381224, 37.554557709210414 ], [ 126.967034138719299, 37.55455795396535 ], [ 126.967027657933727, 37.554554021873329 ], [ 126.967025540890589, 37.554552895546486 ], [ 126.967017758543435, 37.554548109409943 ], [ 126.966996010200901, 37.55453993875885 ], [ 126.966984992278555, 37.554535928496129 ], [ 126.966875296461964, 37.554495997448434 ], [ 126.966855980342601, 37.554499065848404 ], [ 126.966854788002337, 37.554499885197984 ], [ 126.966753957413289, 37.554469762880103 ], [ 126.96670534730346, 37.554455109139745 ], [ 126.966672806718876, 37.554445429498656 ], [ 126.966637091496565, 37.554434807119073 ], [ 126.966619349456778, 37.554428927696605 ], [ 126.966407282618547, 37.554363825953445 ], [ 126.966379221252211, 37.554355212038196 ], [ 126.966356685191073, 37.554348292386088 ], [ 126.966354206422608, 37.554347724149551 ], [ 126.96634275848902, 37.554344169768299 ], [ 126.966299754790114, 37.554330813003347 ], [ 126.966039681981911, 37.554252185188503 ], [ 126.966007573540779, 37.554242101711907 ], [ 126.965992994622781, 37.554237521823651 ], [ 126.965962058619183, 37.554227665369012 ], [ 126.965950571922164, 37.554223995401877 ], [ 126.965932356080003, 37.554218367913435 ], [ 126.965894879947825, 37.554206246514504 ], [ 126.965860043411709, 37.554195954163035 ], [ 126.965836706847071, 37.554189057830818 ], [ 126.965775001657789, 37.55417073005728 ], [ 126.965773056088594, 37.554170169629174 ], [ 126.965767930749521, 37.554168752954382 ], [ 126.965756855029326, 37.554165402102534 ], [ 126.96575314743157, 37.55416648316853 ], [ 126.965735246361277, 37.554160379359423 ], [ 126.965723550463707, 37.554156360503178 ], [ 126.965722985704758, 37.554156175875271 ], [ 126.965709756845044, 37.554151843622527 ], [ 126.965705345685379, 37.554149029481692 ], [ 126.965700039152992, 37.554145082800915 ], [ 126.965683603304171, 37.554132131762685 ], [ 126.965671578530305, 37.554123117042565 ], [ 126.965665749550638, 37.554118610061373 ], [ 126.965426866609576, 37.553944377946976 ], [ 126.965389755586088, 37.553917311884504 ], [ 126.965345975885398, 37.553885380781111 ], [ 126.965332716594446, 37.553875809712366 ], [ 126.965300724462352, 37.553851860229045 ], [ 126.965219401957597, 37.553793109792906 ], [ 126.965216618787963, 37.553791098897946 ], [ 126.964688592713472, 37.553409635083575 ], [ 126.96466036595838, 37.553389242092244 ], [ 126.964633610191768, 37.553369912144241 ], [ 126.96453961092115, 37.553285540618916 ], [ 126.964520321983969, 37.553268226572243 ], [ 126.964515546307013, 37.553263997419542 ], [ 126.963891576196701, 37.552713037965262 ], [ 126.963604862258649, 37.552459870209169 ], [ 126.963576735924747, 37.552435034667575 ], [ 126.963570345855587, 37.55242939564382 ], [ 126.963532906748057, 37.552396335340589 ], [ 126.963521298929081, 37.552386085644962 ], [ 126.963380290845109, 37.552261575263785 ], [ 126.963375699004828, 37.552259040533819 ], [ 126.963209829321599, 37.552145038442461 ], [ 126.962895165665572, 37.551928769277005 ], [ 126.962777719267052, 37.551848049203279 ], [ 126.962762864197614, 37.551838187560726 ], [ 126.962637894646207, 37.551751705047231 ], [ 126.962611027094624, 37.551733118644108 ], [ 126.962405566468988, 37.551592135428294 ], [ 126.962381525763462, 37.55162857564752 ], [ 126.962404638279779, 37.55164759477892 ], [ 126.962395237186044, 37.551658627744644 ], [ 126.962393098897707, 37.551661583445117 ], [ 126.962377945729742, 37.55168251586835 ], [ 126.962346676457472, 37.551725726543843 ], [ 126.962299438754812, 37.551818242162248 ], [ 126.96228809553979, 37.551890327222566 ], [ 126.962327017659618, 37.551989944832982 ], [ 126.962326902506547, 37.551990530185066 ], [ 126.96232515778091, 37.551997639287073 ], [ 126.962319828599689, 37.552016747040462 ], [ 126.9623113122814, 37.552048648440518 ], [ 126.962306511509368, 37.552097578809729 ], [ 126.962300331408613, 37.552163898019387 ], [ 126.962300056717581, 37.552166834262813 ], [ 126.962301621870296, 37.552166756663738 ], [ 126.962302767581036, 37.552166756473156 ], [ 126.962304584391518, 37.552166948621888 ], [ 126.962306338411622, 37.552167371229828 ], [ 126.962307984448572, 37.552168011472311 ], [ 126.962309477309489, 37.552168856524645 ], [ 126.962310780923062, 37.552169884590242 ], [ 126.962311857031423, 37.552171063046309 ], [ 126.962312683174133, 37.552172366552824 ], [ 126.962313232440124, 37.552173758933328 ], [ 126.962313491503352, 37.55217520407318 ], [ 126.962316948590399, 37.552219701358695 ], [ 126.962316898819481, 37.552221271280914 ], [ 126.962316507352327, 37.552222812606644 ], [ 126.962315783608233, 37.552224274903303 ], [ 126.962314752803948, 37.552225615020951 ], [ 126.962313446935724, 37.552226791643257 ], [ 126.962311904740702, 37.552227770695424 ], [ 126.96231016945832, 37.55222852172848 ], [ 126.962308300125514, 37.552229021576188 ], [ 126.962306346670772, 37.552229254241695 ], [ 126.962296847053196, 37.552229721143902 ], [ 126.962298335088121, 37.552261493239719 ], [ 126.962298121274003, 37.55232087850429 ], [ 126.962298214782336, 37.552336542561882 ], [ 126.96229828774139, 37.55234907884708 ], [ 126.962298254546099, 37.552352123450646 ], [ 126.962297931671785, 37.55238130583723 ], [ 126.962297705857665, 37.552401705927387 ], [ 126.962297385325058, 37.552472162867531 ], [ 126.962297457906885, 37.552488533486525 ], [ 126.962297721004134, 37.552546145264472 ], [ 126.962297768765779, 37.552557776480754 ], [ 126.96229797170011, 37.552606428581818 ], [ 126.962296941799025, 37.552607327042651 ], [ 126.962301765285432, 37.552668067436464 ], [ 126.962305843617628, 37.552724741157931 ], [ 126.962310109873144, 37.552770071364975 ], [ 126.962298135525771, 37.552837010446865 ], [ 126.962286236102258, 37.552909905977309 ], [ 126.962273248353782, 37.552946762448329 ], [ 126.962228156005011, 37.553076502653212 ], [ 126.962227344470165, 37.553078837054315 ], [ 126.962221078475196, 37.553096586707525 ], [ 126.962219000170265, 37.553102847019844 ], [ 126.962215931374388, 37.553112082677941 ], [ 126.962246463432891, 37.553115156529131 ], [ 126.962243367073597, 37.553126968115635 ], [ 126.962211475971259, 37.553255356922776 ], [ 126.96218968111225, 37.553338700861737 ], [ 126.962179577033254, 37.553377888721947 ], [ 126.962146946245298, 37.553496377333282 ], [ 126.962121496898362, 37.553595757619057 ], [ 126.962094660483501, 37.553691531593842 ], [ 126.962072953319421, 37.553777129274131 ], [ 126.962053495661934, 37.553847767608616 ], [ 126.961952617820941, 37.553864923899852 ], [ 126.961898202743001, 37.553623622980346 ], [ 126.961901476304192, 37.553623077260816 ], [ 126.961903343047439, 37.553622627883463 ], [ 126.961905087047327, 37.553621929174597 ], [ 126.961906656045372, 37.553621006133824 ], [ 126.96190800008624, 37.553619878363143 ], [ 126.961909082644354, 37.553618587158105 ], [ 126.961909282242914, 37.55361822482444 ], [ 126.961915735177314, 37.553617321337214 ], [ 126.96191764010095, 37.553616915398344 ], [ 126.961919429138675, 37.553616251145741 ], [ 126.961921045516519, 37.553615351755759 ], [ 126.96192244153039, 37.553614238643341 ], [ 126.961923573849091, 37.553612954875739 ], [ 126.961924410553266, 37.553611530953305 ], [ 126.96192492187761, 37.553610012709193 ], [ 126.961925093893356, 37.55360844785136 ], [ 126.961924923992882, 37.553606884139406 ], [ 126.961913644389185, 37.55355602914797 ], [ 126.961913147910593, 37.553554537858233 ], [ 126.961912336045117, 37.553553137068626 ], [ 126.961911237942317, 37.553551866571425 ], [ 126.96190988503561, 37.553550763465047 ], [ 126.961908313312605, 37.553549861263456 ], [ 126.96190657241111, 37.55354918452921 ], [ 126.961904714258978, 37.553548754229972 ], [ 126.961902788578215, 37.553548583211217 ], [ 126.961900854212459, 37.553548675346526 ], [ 126.961882038009946, 37.553550873607961 ], [ 126.961837896873732, 37.553365558944286 ], [ 126.961837411304145, 37.553364125390161 ], [ 126.961830367210439, 37.553336088395255 ], [ 126.961701564637693, 37.553354813528379 ], [ 126.961626091858804, 37.553365784941576 ], [ 126.961645418141501, 37.553440928324832 ], [ 126.961661887626747, 37.553504957674889 ], [ 126.961692749481699, 37.553624948844032 ], [ 126.961698789225167, 37.553648436669476 ], [ 126.961733906315715, 37.55374852382662 ], [ 126.961815321384947, 37.553980570263228 ], [ 126.961858617387051, 37.554103968367833 ], [ 126.961859671334238, 37.554106971956564 ], [ 126.961865298282731, 37.554123010952679 ], [ 126.961868943819326, 37.554133402084275 ], [ 126.961871158662817, 37.554133668161739 ], [ 126.961884259987301, 37.5541352367295 ], [ 126.96188911002163, 37.554134622482081 ], [ 126.961952344168409, 37.554126595721371 ], [ 126.961973310496674, 37.554136204992062 ], [ 126.961971725195923, 37.55414285873038 ], [ 126.961938665127661, 37.554281593193203 ], [ 126.961921743361557, 37.55434402636677 ], [ 126.961921345678135, 37.554345484738249 ], [ 126.961903770249265, 37.554410332344986 ], [ 126.96172612138011, 37.554779246522379 ], [ 126.961726541035347, 37.55478827092869 ], [ 126.961730555827103, 37.55487450857197 ], [ 126.961735811683383, 37.554987476838015 ], [ 126.961736503517514, 37.554987937876732 ], [ 126.961783683854918, 37.555019325173184 ], [ 126.961940139163801, 37.555123406649528 ], [ 126.961950268611886, 37.555144358674127 ], [ 126.961953240531713, 37.555150503185878 ], [ 126.961960036685213, 37.55516455372149 ], [ 126.961979354102127, 37.55523033018207 ], [ 126.96199903883435, 37.555241239660496 ], [ 126.962015622205115, 37.555125737183722 ], [ 126.962020260811528, 37.555129343881546 ], [ 126.962023200824646, 37.555137092645467 ], [ 126.962031151829592, 37.555158068988391 ], [ 126.962052471540446, 37.555214318299591 ], [ 126.962066130627562, 37.555250461489145 ], [ 126.962072576865722, 37.55526751912322 ], [ 126.962074883377838, 37.555273622743556 ], [ 126.962078012055315, 37.555281902358075 ], [ 126.962088332291685, 37.555309081750998 ], [ 126.962090670104416, 37.555315241397167 ], [ 126.962115875298551, 37.555375616741138 ], [ 126.962093262819209, 37.555386429046855 ], [ 126.962087968706825, 37.555388959347397 ], [ 126.962075576378012, 37.555394884232982 ], [ 126.962064821011197, 37.555402091081355 ], [ 126.962067204969472, 37.555406556404122 ], [ 126.962075887347055, 37.555422814815245 ], [ 126.962078387480886, 37.555427498793264 ], [ 126.962078853998719, 37.555427490102538 ], [ 126.962080652799386, 37.555427678567405 ], [ 126.962082391115771, 37.555428091192319 ], [ 126.962084023694786, 37.555428723264363 ], [ 126.962085507664298, 37.555429553857181 ], [ 126.96208680694501, 37.555430562075458 ], [ 126.962087887741234, 37.555431724330148 ], [ 126.962145743055132, 37.555505584756396 ], [ 126.96214613804338, 37.555506076888967 ], [ 126.962147031512686, 37.555507469034815 ], [ 126.962147607206219, 37.555508967894795 ], [ 126.962147849662671, 37.555510519317615 ], [ 126.962147750116443, 37.555512082702705 ], [ 126.962147311175173, 37.555513610290475 ], [ 126.96214654678073, 37.555515052570328 ], [ 126.962145482144635, 37.555516367293741 ], [ 126.962144144723197, 37.555517514926485 ], [ 126.962142580048095, 37.555518461424725 ], [ 126.962141857436819, 37.555518815968014 ], [ 126.96213375574888, 37.555522890108463 ], [ 126.962142841577119, 37.55553846713066 ], [ 126.962147306876417, 37.55554193242358 ], [ 126.962172651651642, 37.555561479134013 ], [ 126.962176714787446, 37.555558519589006 ], [ 126.962178129489544, 37.555557646317673 ], [ 126.962179696840934, 37.555556957616623 ], [ 126.962181380444804, 37.555556476755129 ], [ 126.962183139492382, 37.555556210758034 ], [ 126.962184928607414, 37.555556172037555 ], [ 126.962186704794618, 37.55555635679243 ], [ 126.962188425058656, 37.555556761221396 ], [ 126.962190041888618, 37.555557379700005 ], [ 126.962191516953752, 37.555558189519942 ], [ 126.962192809581296, 37.555559178778445 ], [ 126.962201728145004, 37.555567154868989 ], [ 126.962227302654355, 37.55559002678504 ], [ 126.962284780683618, 37.555641429243153 ], [ 126.96228534999706, 37.555641925774566 ], [ 126.962286523026052, 37.555643173174147 ], [ 126.962287405204123, 37.555644561662113 ], [ 126.962287974160446, 37.555646053279936 ], [ 126.962288212130503, 37.555647599273918 ], [ 126.962288112645297, 37.555649154547247 ], [ 126.962287676041555, 37.55565067223133 ], [ 126.962286918499515, 37.55565210643114 ], [ 126.962286525533273, 37.555652593172006 ], [ 126.962305297748841, 37.555671085088143 ], [ 126.962324886962392, 37.55567671758665 ], [ 126.962326759284124, 37.555677389505057 ], [ 126.962328331419258, 37.555678241227298 ], [ 126.962329700582885, 37.55567929392717 ], [ 126.962330828534846, 37.555680512277931 ], [ 126.962331683788875, 37.555681866391716 ], [ 126.962332241748769, 37.555683312891837 ], [ 126.96233248681061, 37.55568481745604 ], [ 126.962332412544171, 37.55568632957953 ], [ 126.962346369730355, 37.555690782701667 ], [ 126.962348040583478, 37.555691446491494 ], [ 126.962349549144463, 37.555692322260384 ], [ 126.962350859392032, 37.555693381001149 ], [ 126.962351930737526, 37.555694599093933 ], [ 126.962352736268585, 37.555695940362277 ], [ 126.962356129457348, 37.555703024183536 ], [ 126.962363832702209, 37.555705873269169 ], [ 126.962365536665274, 37.555706656187432 ], [ 126.962367046571529, 37.555707659953605 ], [ 126.962368315052373, 37.555708859114262 ], [ 126.96236930389999, 37.555710213836086 ], [ 126.962369981699339, 37.555711684316776 ], [ 126.962370332911249, 37.555713227220856 ], [ 126.962370339771155, 37.55571479379465 ], [ 126.962370007131341, 37.555716338992859 ], [ 126.962369344398596, 37.555717814185549 ], [ 126.962362092000745, 37.555730374793356 ], [ 126.96238129459401, 37.555752318115239 ], [ 126.962400669764804, 37.555782075102833 ], [ 126.962423247627996, 37.555816753606926 ], [ 126.962461582966966, 37.555875420210924 ], [ 126.962472128738369, 37.555904962126377 ], [ 126.962474352868497, 37.555911193354767 ], [ 126.962515084363304, 37.555930400828721 ], [ 126.96257879882954, 37.555937357228245 ], [ 126.962590113813476, 37.555940514775543 ], [ 126.962635795332432, 37.55595655757282 ], [ 126.962681112094515, 37.555972472503804 ], [ 126.962715939621177, 37.555984703648257 ], [ 126.962734259932503, 37.555999302320785 ], [ 126.962738726877959, 37.556002861338889 ], [ 126.962750328779663, 37.556012105175569 ], [ 126.962748929901181, 37.556030644041499 ], [ 126.96274800401757, 37.556042910777542 ], [ 126.962747211613717, 37.556053301514787 ], [ 126.962759150978087, 37.556068529131522 ], [ 126.962790373398619, 37.556109977263183 ], [ 126.962836361481493, 37.556126234095807 ], [ 126.962854973447946, 37.556155729750095 ], [ 126.962860156564759, 37.556163934864252 ], [ 126.962865050868743, 37.556171681680908 ], [ 126.962880277515382, 37.55619015106533 ], [ 126.962891360196267, 37.556203597313392 ], [ 126.962892349150181, 37.556203362053758 ], [ 126.962894164222789, 37.556203179225015 ], [ 126.96289599348934, 37.556203227205863 ], [ 126.962897350553177, 37.556203444294638 ], [ 126.962897787070645, 37.556203514782837 ], [ 126.962899499797231, 37.55620402552622 ], [ 126.962901086460846, 37.55620474841421 ], [ 126.962902506420576, 37.556205667037645 ], [ 126.962929231823523, 37.5562259923204 ], [ 126.962930415313878, 37.556227046872699 ], [ 126.962931378203621, 37.556228234722369 ], [ 126.962932095773098, 37.556229529617831 ], [ 126.96293255015371, 37.556230897226598 ], [ 126.962932730263304, 37.556232304148431 ], [ 126.962932679905833, 37.556233010576051 ], [ 126.962932629548334, 37.556233717003636 ], [ 126.962932255066875, 37.556235098869038 ], [ 126.962931613844717, 37.55623641732813 ], [ 126.962930719687563, 37.556237641797821 ], [ 126.962929597748456, 37.556238738141339 ], [ 126.962924096408258, 37.556243319905164 ], [ 126.962926850811442, 37.556246661111899 ], [ 126.962946766893168, 37.556270824901958 ], [ 126.962947909491561, 37.556272213668116 ], [ 126.962989158256107, 37.556322249425335 ], [ 126.96299134028142, 37.556324889482681 ], [ 126.962998710047444, 37.556333831923745 ], [ 126.962999986239495, 37.556333959410125 ], [ 126.963001618489855, 37.556334325570383 ], [ 126.963003163299732, 37.556334886024018 ], [ 126.963004586834032, 37.556335622590225 ], [ 126.963005857508961, 37.556336518901077 ], [ 126.963034680712653, 37.556360187786332 ], [ 126.963034932826787, 37.556360396242916 ], [ 126.963036135897482, 37.556361562650309 ], [ 126.963037077512936, 37.556362875689672 ], [ 126.963037728528249, 37.556364294667787 ], [ 126.963038073377888, 37.556365779854559 ], [ 126.963038098747646, 37.556367293332848 ], [ 126.963037804986783, 37.556368786431456 ], [ 126.963037201449964, 37.556370217730937 ], [ 126.963055924286806, 37.556385859240436 ], [ 126.963057151851629, 37.556387083445287 ], [ 126.963058095318161, 37.556388454179128 ], [ 126.963058725509129, 37.55638993525541 ], [ 126.963059026897767, 37.556391481536124 ], [ 126.963058986247503, 37.556393044288299 ], [ 126.963058608410279, 37.556394578466588 ], [ 126.963057902753704, 37.556396040848945 ], [ 126.963079180407149, 37.556414124908244 ], [ 126.96308038311723, 37.556415341789013 ], [ 126.963081306244604, 37.556416707022102 ], [ 126.963081922941001, 37.556418175418003 ], [ 126.96308221538942, 37.556419705433768 ], [ 126.963082174849561, 37.556421252863522 ], [ 126.963081799373953, 37.556422773532432 ], [ 126.963081105161947, 37.556424218841322 ], [ 126.963080110618961, 37.556425548313292 ], [ 126.963078843175268, 37.556426726019154 ], [ 126.963075545897595, 37.556429298793965 ], [ 126.963105301137716, 37.556467616998717 ], [ 126.963155598177451, 37.556532384909097 ], [ 126.963156698387337, 37.556533212842162 ], [ 126.96336316991102, 37.556683711198545 ], [ 126.963396916556832, 37.556755002546225 ], [ 126.96343440383923, 37.556835479392227 ], [ 126.963442151074119, 37.556849900109341 ], [ 126.96343249191608, 37.556925588348832 ], [ 126.963430060168477, 37.556944506500621 ], [ 126.96342917230119, 37.556955906316709 ], [ 126.963426869190101, 37.556964779532862 ], [ 126.963414165254648, 37.556997401059455 ], [ 126.963378381719423, 37.557062351783934 ], [ 126.963357232586574, 37.557099564241284 ], [ 126.963315966274777, 37.557172171309546 ], [ 126.96329848951477, 37.557197761346202 ], [ 126.96327214198773, 37.557235816351692 ], [ 126.963257724759202, 37.557261672667757 ], [ 126.963221028659774, 37.557317433558445 ], [ 126.963174730578501, 37.557344589776967 ], [ 126.963116553161157, 37.557387558381244 ], [ 126.963099562439709, 37.557393677883354 ], [ 126.963079785287576, 37.55740028135402 ], [ 126.963077024695167, 37.557401898436424 ], [ 126.963052761570324, 37.557413575918723 ], [ 126.963049904609122, 37.557444716203285 ], [ 126.963049731533388, 37.55745274191662 ], [ 126.963047312661118, 37.557565464263071 ], [ 126.96304892006458, 37.557595488250762 ], [ 126.963050693199179, 37.557628608219595 ], [ 126.963052781381833, 37.557667683021783 ], [ 126.9630531188009, 37.557673991285299 ], [ 126.963063244547399, 37.557791482021713 ], [ 126.963056508791212, 37.557904645318345 ], [ 126.963050333051115, 37.558030960918224 ], [ 126.96307114738471, 37.558115885898722 ], [ 126.963095734700232, 37.558216219441945 ], [ 126.963044470970544, 37.558205390068345 ], [ 126.963035365396678, 37.558201329548034 ], [ 126.962910914423844, 37.558145825448115 ], [ 126.962850635379084, 37.558134147371625 ], [ 126.962829486263232, 37.558095575329716 ], [ 126.962824857215992, 37.558087136584334 ], [ 126.962814660351953, 37.558068547669507 ], [ 126.962813061095147, 37.558065630843345 ], [ 126.962569508088649, 37.558202353809271 ], [ 126.96255229354469, 37.558212017211858 ], [ 126.962500403193502, 37.558241146891319 ], [ 126.962394475679886, 37.558307916843155 ], [ 126.962224378781656, 37.558383455678133 ], [ 126.962209308602752, 37.558396265486493 ], [ 126.962074529900406, 37.558452571581569 ], [ 126.96205901796155, 37.558452961494346 ], [ 126.962023532334115, 37.55845385348163 ], [ 126.961988597101936, 37.55845472633397 ], [ 126.961971651528359, 37.558455150263015 ], [ 126.961968981998226, 37.558452597199498 ], [ 126.961950837387548, 37.558435231175615 ], [ 126.961933247643586, 37.558448715391627 ], [ 126.961919587983033, 37.5584591862849 ], [ 126.961827013883422, 37.558449334448952 ], [ 126.961817139504831, 37.558447959049907 ], [ 126.961706343130516, 37.558432493387144 ], [ 126.961615191500115, 37.558419761756262 ], [ 126.961611431774116, 37.558419238054462 ], [ 126.9615854462035, 37.558419713543479 ], [ 126.961573547277126, 37.558419932388574 ], [ 126.961571567004881, 37.558420092811048 ], [ 126.961568184564086, 37.558438886703321 ], [ 126.961586485966265, 37.558443891521158 ], [ 126.961606233787847, 37.55844928870868 ], [ 126.961607790925157, 37.558449714034587 ], [ 126.961600432884765, 37.558468404170505 ], [ 126.961588810003036, 37.558497918967639 ], [ 126.961584556667617, 37.558508718443996 ], [ 126.961568638070673, 37.558573171506083 ], [ 126.961561304982837, 37.558602866303048 ], [ 126.961558852977504, 37.558616029213908 ], [ 126.961563600345514, 37.558628464220348 ], [ 126.961592432651415, 37.558659108117396 ], [ 126.961657089122255, 37.55872869312644 ], [ 126.961702991628385, 37.558774660219193 ], [ 126.961723423510989, 37.558787283002331 ], [ 126.961728978813341, 37.55879317880494 ], [ 126.961747031237422, 37.558812347136431 ], [ 126.961748595821973, 37.55884982778538 ], [ 126.961736251227521, 37.558906952982035 ], [ 126.961722873893336, 37.558951190510996 ], [ 126.961677470298014, 37.559027226667894 ], [ 126.961679962613772, 37.559027502126447 ], [ 126.961802268008796, 37.559041053539552 ], [ 126.961907306594838, 37.559052925339415 ], [ 126.962084638160547, 37.559072962755046 ], [ 126.962641342166819, 37.5591381072256 ], [ 126.962760976678283, 37.559151860010793 ], [ 126.962813566098532, 37.55915790577972 ], [ 126.962984666530005, 37.559178236175647 ], [ 126.963187878225028, 37.559201093689794 ], [ 126.963282060395116, 37.559211847710387 ], [ 126.963303722523904, 37.559214016578316 ], [ 126.963568634958889, 37.55931099497807 ], [ 126.963610308349146, 37.559326251237316 ], [ 126.963705056300938, 37.559360935559368 ], [ 126.963739303764157, 37.559373301671783 ], [ 126.963775981511375, 37.559386545908254 ], [ 126.963798943114426, 37.559395563616384 ], [ 126.96385383597692, 37.559415325271424 ], [ 126.963878957470854, 37.559424086874849 ], [ 126.963901112743812, 37.559432342868575 ], [ 126.963962586212062, 37.559454474251289 ], [ 126.963964050946345, 37.559455000978893 ], [ 126.963983185136058, 37.559462034534086 ], [ 126.96399479747835, 37.559467071704631 ], [ 126.964003084595163, 37.559470666043865 ], [ 126.964012494801722, 37.559474746800561 ], [ 126.964115023852173, 37.559533143611304 ], [ 126.964158961061429, 37.559558167938512 ], [ 126.9641767597425, 37.559567979663001 ], [ 126.964328093892775, 37.559653135243202 ], [ 126.964421145654384, 37.559706286211231 ], [ 126.964486476153539, 37.559743411605062 ], [ 126.964538762034124, 37.559773122807684 ], [ 126.964547871366321, 37.559778278365819 ], [ 126.96455407740109, 37.559781568487551 ], [ 126.964564380232133, 37.55978702419776 ], [ 126.964718994065777, 37.559875368695444 ], [ 126.964748220622752, 37.559891983236312 ], [ 126.964765352492094, 37.55990164763341 ], [ 126.964835015405029, 37.55994144784394 ], [ 126.964931034093865, 37.559996852607682 ], [ 126.964975701081059, 37.560020917299155 ], [ 126.965009693663433, 37.560039231681728 ], [ 126.965104487438211, 37.560094014232213 ], [ 126.965145064091871, 37.560116921025077 ], [ 126.96520491943572, 37.560151717373621 ], [ 126.96520668518103, 37.560152745697053 ], [ 126.965209184374999, 37.56015412526277 ], [ 126.965233682486883, 37.560167628446493 ], [ 126.965292613024204, 37.560201293877569 ], [ 126.965314671971527, 37.560213893663743 ], [ 126.96542008180424, 37.560274110489246 ], [ 126.965449614576585, 37.560290697399736 ], [ 126.96549948027976, 37.560319643692495 ], [ 126.965580401226916, 37.56036508819102 ], [ 126.965628483639421, 37.560400072594533 ], [ 126.965731356315203, 37.560474919143104 ], [ 126.965803811836153, 37.560527802756489 ], [ 126.965811119789066, 37.560533137546678 ], [ 126.965834179932656, 37.56054984650104 ], [ 126.965875338079741, 37.560579865500571 ], [ 126.965931408376335, 37.560620303014481 ], [ 126.96595858631234, 37.560639904066505 ], [ 126.966019243025855, 37.560683891960203 ], [ 126.966127960265581, 37.560763309188623 ], [ 126.96622221686178, 37.560831734808247 ], [ 126.966277709265455, 37.56087181080823 ], [ 126.966300230435024, 37.560888075574617 ], [ 126.966323468793817, 37.560904751888835 ], [ 126.966345393090393, 37.560920885055886 ], [ 126.966355195680606, 37.560928096876943 ], [ 126.966365870380415, 37.560935747088394 ], [ 126.966378953930146, 37.560945385742173 ], [ 126.966407625056178, 37.560966008356345 ], [ 126.96653062316571, 37.561054476186627 ], [ 126.966653389027911, 37.561143480042091 ], [ 126.966667693670701, 37.561153850665853 ], [ 126.966767897128094, 37.561225718818172 ], [ 126.96683356329126, 37.561272813327285 ], [ 126.966867799059983, 37.561286062701306 ], [ 126.967201368087004, 37.561415156012195 ], [ 126.967405593766443, 37.561493523026144 ], [ 126.96742487388974, 37.561501806850593 ], [ 126.967441463781512, 37.561508337134093 ], [ 126.967453959900539, 37.561511139004594 ], [ 126.967527331357672, 37.561527593237294 ], [ 126.967577942145837, 37.561538940504285 ], [ 126.967741921101748, 37.561575115442565 ], [ 126.967781699612516, 37.561583749404683 ], [ 126.967876412463255, 37.561604939759626 ], [ 126.968001907519906, 37.561633726496069 ], [ 126.968008215281984, 37.561635173639587 ], [ 126.968019545536464, 37.561637770097803 ], [ 126.968021406215357, 37.561638196706966 ], [ 126.968021405057584, 37.561639155735122 ], [ 126.968075810912865, 37.561655024822201 ], [ 126.968076755535947, 37.561655299482304 ], [ 126.968129311674531, 37.561667928881377 ], [ 126.968136316954414, 37.561669371048254 ], [ 126.968223028958192, 37.561689668802053 ], [ 126.96840188341217, 37.561730272346367 ], [ 126.968528543269173, 37.561759319750983 ], [ 126.968557196668158, 37.561766625260326 ], [ 126.968619271546601, 37.561780428479288 ], [ 126.968804655521012, 37.56182352508548 ], [ 126.96881212523607, 37.561825261338406 ], [ 126.968890110580233, 37.561843093814133 ], [ 126.968942713164793, 37.561855120059228 ], [ 126.969242444083207, 37.561924766583402 ], [ 126.969303773066997, 37.561938567892319 ], [ 126.969463105593093, 37.561976363613908 ], [ 126.969458975233522, 37.561984163338522 ], [ 126.969325024639929, 37.56223708143019 ], [ 126.969096976458374, 37.562652220724615 ], [ 126.96891892376189, 37.562976346502644 ], [ 126.96885600807471, 37.563090873441695 ], [ 126.968838540924011, 37.563122673697123 ], [ 126.968730493439224, 37.563273967152938 ], [ 126.968710793803012, 37.563301552558613 ], [ 126.968684966414145, 37.563337714641676 ], [ 126.968657970651222, 37.5633725762249 ], [ 126.968648534449486, 37.563385920560556 ], [ 126.968643726009148, 37.563392717608714 ], [ 126.968631910717917, 37.563409428582283 ], [ 126.968605890311068, 37.563445176060171 ], [ 126.967974192461739, 37.564313018586901 ], [ 126.967846790199829, 37.564488043860152 ], [ 126.967745837394816, 37.56462673416997 ], [ 126.967641218209863, 37.564770455397813 ], [ 126.967563433176352, 37.564876980898468 ], [ 126.967508790500077, 37.564935906056341 ], [ 126.967470660661036, 37.564977129315558 ], [ 126.967457056448424, 37.564991839218742 ], [ 126.967429469176167, 37.565021666522568 ], [ 126.967424978930765, 37.565026522551953 ], [ 126.967318471076879, 37.565141130478544 ], [ 126.967304204345254, 37.565156483639726 ], [ 126.967281106256706, 37.565181430541919 ], [ 126.967233020403583, 37.565233360960129 ], [ 126.967142775047378, 37.565331980113847 ], [ 126.967121677561863, 37.565355034172242 ], [ 126.967030539316227, 37.565454811042699 ], [ 126.96702541543543, 37.565460388878456 ], [ 126.966994943777351, 37.56549355426214 ], [ 126.966980348210441, 37.565512290454471 ], [ 126.96683152041355, 37.565675205602084 ], [ 126.966831519402319, 37.565676936182818 ], [ 126.966747666519808, 37.565767396962862 ], [ 126.96670215122991, 37.565816497724114 ], [ 126.966698820341193, 37.565820090767552 ], [ 126.966698613506779, 37.565820354829086 ], [ 126.966698901337168, 37.565820641856135 ], [ 126.966726143835601, 37.565847837757936 ], [ 126.966780063965189, 37.56590078483687 ], [ 126.966816471644165, 37.565936556061089 ], [ 126.966831856990311, 37.565951759151993 ], [ 126.966865084956822, 37.565986124321995 ], [ 126.966880994042768, 37.566000769134071 ], [ 126.966887360808457, 37.566007808557352 ], [ 126.966901685767994, 37.566022453423962 ], [ 126.966923248203557, 37.566044147049872 ], [ 126.966958785308819, 37.566079910693418 ], [ 126.967104265842224, 37.566226082634692 ], [ 126.967153581859634, 37.566275929759485 ], [ 126.967158029773628, 37.566280526872021 ], [ 126.967232607987015, 37.566357609493451 ], [ 126.967317893678128, 37.566444880527698 ], [ 126.967341319832613, 37.56646885027321 ], [ 126.967377207668392, 37.566505188628277 ], [ 126.967419101354523, 37.566547429041947 ], [ 126.967435360084849, 37.566564049304567 ], [ 126.967447385381803, 37.566576161763052 ], [ 126.967462059322386, 37.566590806332485 ], [ 126.967470013354401, 37.566598694741408 ], [ 126.967473373027161, 37.566602351335554 ], [ 126.96748645216951, 37.566615312203872 ], [ 126.967503604052439, 37.566632769329765 ], [ 126.967522339064729, 37.56665164329933 ], [ 126.967531526451054, 37.566660932551159 ], [ 126.967552038590156, 37.566681491035546 ], [ 126.967574313634671, 37.566704300016674 ], [ 126.967609670328955, 37.566740361895626 ], [ 126.967648735587446, 37.56678006930737 ], [ 126.967699649400743, 37.56683160171351 ], [ 126.967755683822631, 37.566888217341649 ], [ 126.967809776870681, 37.566942850242874 ], [ 126.967875362930968, 37.567009319124942 ], [ 126.967946074555627, 37.567081139829618 ], [ 126.968001047364254, 37.567136618464623 ], [ 126.9680779476667, 37.567214630383617 ], [ 126.96837223422682, 37.567512779226284 ], [ 126.968438229543509, 37.567579639918314 ], [ 126.968658502825932, 37.567802130155464 ], [ 126.968830511303324, 37.567976175397142 ], [ 126.968979011424068, 37.568126787805774 ], [ 126.969034336824109, 37.568182900285684 ], [ 126.969046596551564, 37.568195240773214 ], [ 126.969098691427618, 37.568247681030428 ], [ 126.969104352111998, 37.568244014572649 ], [ 126.969111962094473, 37.568239799848563 ], [ 126.969114791719718, 37.568238386643493 ], [ 126.969155299750923, 37.568220377828816 ], [ 126.969170516084475, 37.568212777595683 ], [ 126.96917422657657, 37.568216167117164 ], [ 126.969180393078958, 37.568211113054211 ], [ 126.9692745396314, 37.568133970083494 ], [ 126.969300873387965, 37.568171712459687 ], [ 126.969290788782786, 37.568198170309714 ], [ 126.969312396052331, 37.568215964473239 ], [ 126.969317129994295, 37.568219863344794 ], [ 126.969341177047895, 37.568231979173042 ], [ 126.969364874704738, 37.568245780746032 ], [ 126.969404832770465, 37.568266343386078 ], [ 126.969424287387753, 37.568276484438179 ], [ 126.969441275880726, 37.568253396190698 ], [ 126.969472421595611, 37.56821173532807 ], [ 126.969474006975517, 37.568209490889721 ], [ 126.969475773077505, 37.568206672204589 ], [ 126.969482682188044, 37.568196537870278 ], [ 126.969497724671129, 37.568172891048043 ], [ 126.969507103772472, 37.568157125384118 ], [ 126.969521429268141, 37.568167832852488 ], [ 126.969561207912619, 37.568187828588229 ], [ 126.969574896411842, 37.568194471721881 ], [ 126.96961461224511, 37.568213747883128 ], [ 126.969659346295884, 37.568236282407433 ], [ 126.969668366481827, 37.568240790000416 ], [ 126.969673944560412, 37.56824365970698 ], [ 126.969696306561133, 37.568255158583426 ], [ 126.96971381501821, 37.568264452593795 ], [ 126.96972105683102, 37.568268400570659 ], [ 126.969737681533118, 37.568277128167821 ], [ 126.969748646166281, 37.568283050588519 ], [ 126.96975996218481, 37.568289243187628 ], [ 126.969782372546504, 37.568277949021741 ], [ 126.969785086330617, 37.568276582150304 ], [ 126.969802764608446, 37.568281090761772 ], [ 126.969915241095322, 37.568310402875987 ], [ 126.969938761201547, 37.568316040945405 ], [ 126.969983847510804, 37.568339703611251 ], [ 126.970018147122246, 37.568358859777518 ], [ 126.970031942379023, 37.568366747195249 ], [ 126.970056703277876, 37.568379141894468 ], [ 126.970117350624008, 37.568409847175268 ], [ 126.970148354401843, 37.568425265950658 ], [ 126.970189845477307, 37.568445903708067 ], [ 126.970252971364928, 37.56847745468901 ], [ 126.970307439109675, 37.568504220299808 ], [ 126.970340858000583, 37.568521122660513 ], [ 126.970343505986733, 37.568521691572734 ], [ 126.970358015184303, 37.568525353039071 ], [ 126.97036685639317, 37.56852732158481 ], [ 126.970389672289542, 37.568532956405171 ], [ 126.970403458462968, 37.568536059393068 ], [ 126.970443784261363, 37.568545369122724 ], [ 126.970477558916727, 37.568552972950442 ], [ 126.970515587781861, 37.568561713518328 ], [ 126.970525129044518, 37.568563968214725 ], [ 126.970534862792235, 37.568566225576333 ], [ 126.970537159833739, 37.568566782094145 ], [ 126.970538743114318, 37.568567070414964 ], [ 126.970542285738844, 37.568567630716238 ], [ 126.970548478343403, 37.568568478713956 ], [ 126.970559615953889, 37.568570455741465 ], [ 126.970577827517289, 37.568573549712369 ], [ 126.970586872073639, 37.568574947700093 ], [ 126.970588794991784, 37.568575246556826 ], [ 126.970600824911259, 37.568577223976547 ], [ 126.970609133347565, 37.568578633083085 ], [ 126.970630887489961, 37.568582294555554 ], [ 126.970660247647331, 37.568587095178891 ], [ 126.970683066491645, 37.568591039030338 ], [ 126.970715956873534, 37.568595273198405 ], [ 126.970772551049919, 37.568602892718772 ], [ 126.970855653054855, 37.568639791380654 ], [ 126.970893146110271, 37.568656416204767 ], [ 126.970948128271388, 37.568701758768348 ], [ 126.97099020781998, 37.568742033807425 ], [ 126.971045021193206, 37.568783719709117 ], [ 126.971056337620865, 37.568790200616597 ], [ 126.971093288140096, 37.568807661198214 ], [ 126.971155903297728, 37.568816410757812 ], [ 126.971163946323443, 37.568817566259469 ], [ 126.971175530070255, 37.568819233361673 ], [ 126.971194636940027, 37.568818392365202 ], [ 126.971198699905045, 37.568818392537558 ], [ 126.971203300250536, 37.568807411312108 ], [ 126.971206862882198, 37.568799057369183 ], [ 126.971224544851708, 37.568757582706752 ], [ 126.9712250757444, 37.568756168168406 ], [ 126.971250366608416, 37.568749705223219 ], [ 126.97129547791701, 37.568737886908337 ], [ 126.971319534544691, 37.568731414815382 ], [ 126.971357911205004, 37.568720453241511 ], [ 126.971396118092585, 37.568709478276062 ], [ 126.971407970734177, 37.56870610262601 ], [ 126.971426468360491, 37.568706863260303 ], [ 126.971462981339911, 37.568708367939465 ], [ 126.971512501901543, 37.568710354470873 ], [ 126.97151338521941, 37.56870810145422 ], [ 126.971521351674824, 37.568688680657147 ], [ 126.97153073403814, 37.568665029870466 ], [ 126.971540999686198, 37.568639129671276 ], [ 126.971547016133101, 37.568624203269003 ], [ 126.971549146291167, 37.568618570376842 ], [ 126.971550913200332, 37.568614345564136 ], [ 126.971553213132026, 37.568608724247987 ], [ 126.971562956711011, 37.568583950195141 ], [ 126.971578185858434, 37.568545660671923 ], [ 126.971603613019269, 37.568482060118711 ], [ 126.971604106959461, 37.568482028078336 ], [ 126.971615267427339, 37.568454803292418 ], [ 126.971639809833832, 37.568394613069977 ], [ 126.971648234452971, 37.568381017010594 ], [ 126.971659098850537, 37.568363480367424 ], [ 126.97166982322922, 37.568345726773444 ], [ 126.971708303724938, 37.568329968583896 ], [ 126.971877572004757, 37.568320095452094 ], [ 126.97190001119769, 37.568318787929215 ], [ 126.971925355908766, 37.568315896213178 ], [ 126.971915064523031, 37.568289330767385 ], [ 126.971934792515626, 37.568297048008084 ], [ 126.972162516260752, 37.568380822613925 ], [ 126.972182543455446, 37.568388189625992 ], [ 126.972262793330842, 37.568406652832749 ], [ 126.97235030355364, 37.568426785280352 ], [ 126.972547759045113, 37.568474063545814 ], [ 126.972546589234426, 37.568477124699392 ], [ 126.972530934255204, 37.56851806420773 ], [ 126.972499805930369, 37.568605009594869 ], [ 126.972489765788524, 37.56863334271852 ], [ 126.972455952899423, 37.568728741540539 ], [ 126.972440123937503, 37.5687654349165 ], [ 126.972418400098931, 37.568830984685164 ], [ 126.972418696047484, 37.568831088761215 ], [ 126.972575062810535, 37.56903836879863 ], [ 126.972591408800369, 37.569060036278017 ], [ 126.972671534737415, 37.569036124565507 ], [ 126.972732735421189, 37.569018120423621 ], [ 126.972806318432603, 37.568996450788788 ], [ 126.972819040270849, 37.569031377079824 ], [ 126.972855788394909, 37.569129367885807 ], [ 126.972879287242179, 37.569192722077965 ], [ 126.972942960780856, 37.569187944407311 ], [ 126.972960470773359, 37.569186823789423 ], [ 126.972967727321603, 37.569184860604722 ], [ 126.97300982554485, 37.569181212407678 ], [ 126.973103032682332, 37.569173063852446 ], [ 126.973191642581597, 37.569165201166491 ], [ 126.973198434833847, 37.56923784032157 ], [ 126.973202386042914, 37.569280078812056 ], [ 126.973205201485868, 37.56931893939656 ], [ 126.973240754874581, 37.569320075100855 ], [ 126.973374287641505, 37.56932235817029 ], [ 126.973560874773526, 37.569324655954894 ], [ 126.973630387488953, 37.569324951490998 ], [ 126.973661155744068, 37.569325238297274 ], [ 126.973695112496031, 37.569325245471532 ], [ 126.973706610947744, 37.569325535589698 ], [ 126.973729249526883, 37.569325541870462 ], [ 126.973737740727969, 37.569326102503666 ], [ 126.973746048177205, 37.569326384702521 ], [ 126.973755601502489, 37.569326952773132 ], [ 126.973762676924864, 37.569327233985589 ], [ 126.973766220450443, 37.569327513875571 ], [ 126.973768334602454, 37.569327515187389 ], [ 126.97377505899685, 37.5693277948344 ], [ 126.973786911041088, 37.569328365938219 ], [ 126.973805304020701, 37.569329218572406 ], [ 126.973845985705807, 37.569331199881439 ], [ 126.973919196799685, 37.569333748872033 ], [ 126.973960580017533, 37.569335164518343 ], [ 126.974037165621027, 37.569337714050718 ], [ 126.97417812432559, 37.569341972597805 ], [ 126.97420447538326, 37.569340294482728 ], [ 126.974245693227289, 37.569334951899876 ], [ 126.974265853839881, 37.569332425075338 ], [ 126.974294684860183, 37.569328484788954 ], [ 126.974294686767678, 37.569323702254337 ], [ 126.974292159124261, 37.569308580830217 ], [ 126.974290450886016, 37.569298355562303 ], [ 126.974283743088492, 37.569256404077862 ], [ 126.974281979866319, 37.569246268699516 ], [ 126.974300724987813, 37.569243740072196 ], [ 126.974322577242418, 37.569240745761284 ], [ 126.974353436071581, 37.569236518848307 ], [ 126.974378730681224, 37.569233053127348 ], [ 126.974380719858686, 37.569232629337677 ], [ 126.974387934885812, 37.569231091316141 ], [ 126.974422947230195, 37.569228000546893 ], [ 126.974466109292322, 37.569223786915757 ], [ 126.974492631590593, 37.569221260430304 ], [ 126.974507324227375, 37.569220136055186 ], [ 126.97451528176201, 37.569219289959477 ], [ 126.974520578493795, 37.569218724055794 ], [ 126.974526602141722, 37.569218168598212 ], [ 126.974530483652558, 37.569217888430941 ], [ 126.974540570049953, 37.56921704459851 ], [ 126.974570452936376, 37.569214241017242 ], [ 126.974653948925152, 37.569206374302162 ], [ 126.974706651565143, 37.569201314311094 ], [ 126.974771203844199, 37.569207808195031 ], [ 126.974864935980207, 37.569217117858486 ], [ 126.974883160553063, 37.569219374774448 ], [ 126.974906850045983, 37.569223884123076 ], [ 126.974982899580141, 37.569238263531155 ], [ 126.975050120702818, 37.569250115917768 ], [ 126.975107583714362, 37.56926024837604 ], [ 126.975149147331578, 37.569267582647342 ], [ 126.975326518838699, 37.569307040638208 ], [ 126.975492412090958, 37.56934367662776 ], [ 126.975530611814705, 37.569352416341019 ], [ 126.975553781363047, 37.569357770515573 ], [ 126.975559077539742, 37.569358899093828 ], [ 126.975564387317476, 37.569360025929569 ], [ 126.975579598704087, 37.569363408654198 ], [ 126.975588788879591, 37.569365383767575 ], [ 126.975607713141471, 37.569369605009371 ], [ 126.975619383788469, 37.569372148170487 ], [ 126.975625574561391, 37.569373275311364 ], [ 126.975628585046977, 37.569373834899181 ], [ 126.975635478208133, 37.569375240971354 ], [ 126.975647681074008, 37.56937778469095 ], [ 126.975661332640769, 37.569380435794507 ], [ 126.975663605624675, 37.569380879437517 ], [ 126.975665370182185, 37.56938115948136 ], [ 126.975697380529397, 37.569387931953422 ], [ 126.97575751616904, 37.569400325725631 ], [ 126.97578824596809, 37.569406751777628 ], [ 126.975789875360121, 37.569407090708246 ], [ 126.975790801735997, 37.569405786066966 ], [ 126.975794286541515, 37.569400873880802 ], [ 126.975824018926758, 37.569358956293534 ], [ 126.975826862233333, 37.569355578954763 ], [ 126.975875484423199, 37.569370789629289 ], [ 126.975879675631973, 37.569372208027687 ], [ 126.975886282107808, 37.569374450163153 ], [ 126.97592597385372, 37.569388759481861 ], [ 126.975950998560663, 37.569345265239868 ], [ 126.975966325216675, 37.569318620975942 ], [ 126.976158551255182, 37.569328098177635 ], [ 126.976340987869165, 37.569337091786366 ], [ 126.976402178615842, 37.569419900379785 ], [ 126.97641862495054, 37.569422712513422 ], [ 126.976439157508153, 37.569362189839318 ], [ 126.976440923879309, 37.569323385700891 ], [ 126.976444858539395, 37.569236890128153 ], [ 126.976489819148341, 37.569237792564032 ], [ 126.976544251945796, 37.569238884803909 ], [ 126.976654626069916, 37.569240880303624 ], [ 126.976703617202702, 37.56924173022071 ], [ 126.976737043413209, 37.569242302016278 ], [ 126.976767808258813, 37.569242587997607 ], [ 126.976781075231443, 37.569242591815701 ], [ 126.976790809500542, 37.569242872011863 ], [ 126.976803725426478, 37.569242876975622 ], [ 126.976815212557682, 37.569243166740833 ], [ 126.976819107954313, 37.569243166878536 ], [ 126.976830778266077, 37.569243170825885 ], [ 126.976835905999138, 37.569243451334877 ], [ 126.976844043297206, 37.569243452242965 ], [ 126.97685464918311, 37.569243454175002 ], [ 126.976884363490157, 37.569244019394731 ], [ 126.976899224859508, 37.569244023053727 ], [ 126.976915853002382, 37.569244313956624 ], [ 126.97694007721914, 37.569244597952569 ], [ 126.976976332108123, 37.569245172298501 ], [ 126.977037824286953, 37.569246251420267 ], [ 126.977050427299389, 37.569246472195339 ], [ 126.977056517644797, 37.56924657849229 ], [ 126.977057514022832, 37.569246595524788 ], [ 126.977114109682191, 37.569248012553913 ], [ 126.977132334545018, 37.569248295175612 ], [ 126.977146652681142, 37.569248578518888 ], [ 126.977152312581708, 37.569248866779155 ], [ 126.977156556748255, 37.569248867549021 ], [ 126.977162748603888, 37.569248869733904 ], [ 126.977169472999947, 37.569249150088893 ], [ 126.977188397667035, 37.569249433998493 ], [ 126.977211387838693, 37.569250006312615 ], [ 126.977268164380789, 37.569251142848834 ], [ 126.977398336891284, 37.569253983349086 ], [ 126.977453867806858, 37.569255121492652 ], [ 126.977477390224351, 37.569255690702782 ], [ 126.97749082735902, 37.569255975512995 ], [ 126.97752885815143, 37.569256828854648 ], [ 126.977572902203534, 37.569257962974447 ], [ 126.977579598108278, 37.569312581746779 ], [ 126.977594110730337, 37.569308368178149 ], [ 126.977625238098241, 37.569298907479428 ], [ 126.97762559327883, 37.569298800889506 ], [ 126.97767122775798, 37.569279102882149 ], [ 126.977736142318079, 37.569250950796771 ], [ 126.977741983265162, 37.569248988266459 ], [ 126.977748159751116, 37.569247299426827 ], [ 126.977781071936988, 37.569238292748956 ], [ 126.977821756617928, 37.569227040035109 ], [ 126.977844929861888, 37.569220852937725 ], [ 126.977858016334352, 37.569217190060691 ], [ 126.977863676426821, 37.56921550433912 ], [ 126.977867038707814, 37.569214659325468 ], [ 126.977870751978756, 37.56921382127215 ], [ 126.977879423373963, 37.56921128177293 ], [ 126.977889328989718, 37.569208753139613 ], [ 126.977899936119684, 37.569205656154352 ], [ 126.977918511440464, 37.569201154055264 ], [ 126.977946631202329, 37.569195250203585 ], [ 126.977961663365363, 37.569191873533804 ], [ 126.977979526156147, 37.569188219145239 ], [ 126.978005358806371, 37.569182595399781 ], [ 126.978014199807177, 37.569180902103433 ], [ 126.978068500276422, 37.569176127092952 ], [ 126.978147555430226, 37.569171072105014 ], [ 126.978239347721242, 37.569164052540017 ], [ 126.978369532812522, 37.569153382644572 ], [ 126.978402700417661, 37.56915076386214 ], [ 126.978469112671121, 37.569145519398894 ], [ 126.978571340528845, 37.569131735102836 ], [ 126.978671974452269, 37.569118529554466 ], [ 126.978723974556615, 37.569115438615029 ], [ 126.978810818365773, 37.569110673555883 ], [ 126.978961334266785, 37.569102248782954 ], [ 126.979124753427826, 37.56909271260492 ], [ 126.979260304196131, 37.569084544103049 ], [ 126.979262790812484, 37.569084394631851 ], [ 126.979395007553023, 37.569076427591945 ], [ 126.979532438522028, 37.569066884403334 ], [ 126.979738308623922, 37.569042148537022 ], [ 126.979861945380719, 37.56903724920172 ], [ 126.979865832768311, 37.569037096876009 ], [ 126.979868131479506, 37.569037099793057 ], [ 126.979885409214205, 37.569035488594466 ], [ 126.979952495291272, 37.569029229545748 ], [ 126.980163151934022, 37.56901603142849 ], [ 126.980404212812445, 37.568999748049279 ], [ 126.980564281096434, 37.568989363185814 ], [ 126.980598590584407, 37.568987963825215 ], [ 126.980668987008954, 37.568986851200449 ], [ 126.980730539644384, 37.568985724871858 ], [ 126.980920310471717, 37.568981821958857 ], [ 126.981001579035478, 37.568983295131218 ], [ 126.981076830898274, 37.568984658876815 ], [ 126.98112370547021, 37.56898551387976 ], [ 126.98124079167539, 37.568986102351921 ], [ 126.98127173886715, 37.568987514643638 ], [ 126.981313041463437, 37.568989446533664 ], [ 126.981386524902007, 37.56899288442262 ], [ 126.981521823148611, 37.569000502001984 ], [ 126.981595577341622, 37.569004743148405 ], [ 126.981691428292081, 37.569014613729877 ], [ 126.981990498286308, 37.569042818968043 ], [ 126.982038955207344, 37.56904705519235 ], [ 126.98213210386406, 37.56904637411462 ], [ 126.982189818546559, 37.569045952167862 ], [ 126.982328312093486, 37.569045128207676 ], [ 126.982455657438393, 37.569033327286526 ], [ 126.98257752403758, 37.569021235416535 ], [ 126.982593439139151, 37.569019834172259 ], [ 126.982683813901062, 37.569009424886737 ], [ 126.98275300101362, 37.568995037898048 ], [ 126.982783265481544, 37.568988743894266 ], [ 126.982850250302079, 37.568974815899992 ], [ 126.982856272937227, 37.56897341274685 ], [ 126.983025177044752, 37.568940218620646 ], [ 126.98309875532955, 37.568925021419197 ], [ 126.983121044465619, 37.568920520339347 ], [ 126.983142187796432, 37.568916159355609 ], [ 126.983182420780281, 37.568907861933965 ], [ 126.983194622662381, 37.568905330288338 ], [ 126.98321301733985, 37.568901677435115 ], [ 126.983268914590539, 37.56889041552207 ], [ 126.983312598875102, 37.56888197722941 ], [ 126.98333789717293, 37.568876917824824 ], [ 126.983356461775315, 37.568873253073981 ], [ 126.983393420973812, 37.5688659444519 ], [ 126.983451797407781, 37.568854123649814 ], [ 126.983562517818655, 37.568831335283981 ], [ 126.983713750080142, 37.568800671359277 ], [ 126.983809074242558, 37.568779567646402 ], [ 126.983863727600323, 37.568766061066917 ], [ 126.983928997443144, 37.568750023020435 ], [ 126.983985246038316, 37.568735894217973 ], [ 126.984026462326142, 37.568725541228631 ], [ 126.984074391550749, 37.568714006152057 ], [ 126.984095965892038, 37.568708376883137 ], [ 126.984128512000638, 37.568699929272213 ], [ 126.984154863635766, 37.568693177960363 ], [ 126.984190237729862, 37.568684171235518 ], [ 126.984209878555276, 37.568679112162258 ], [ 126.984259923695276, 37.568666162126846 ], [ 126.984283990808535, 37.568659975864996 ], [ 126.984322896556819, 37.568649847028453 ], [ 126.984348896350284, 37.568643371751016 ], [ 126.984356674287454, 37.568641121711345 ], [ 126.984359334758977, 37.568640552864508 ], [ 126.984367463228381, 37.568638868598214 ], [ 126.984398071922541, 37.568633522096739 ], [ 126.984421122580699, 37.568629572115427 ], [ 126.984427605141207, 37.56862846292681 ], [ 126.984470053586193, 37.568620866073282 ], [ 126.984509139841663, 37.568614114408213 ], [ 126.98451727996742, 37.568612709599968 ], [ 126.98452576887837, 37.568611302708717 ], [ 126.984534610777104, 37.568609612532512 ], [ 126.984539386167299, 37.568608766287724 ], [ 126.984547345105142, 37.568607362488976 ], [ 126.984573878207897, 37.568602859834321 ], [ 126.98467062673258, 37.568585981747631 ], [ 126.984680599159375, 37.568584229795775 ], [ 126.984702639194964, 37.568580354666416 ], [ 126.984796027133541, 37.568563753844437 ], [ 126.984955203791642, 37.568535617922329 ], [ 126.985126063412991, 37.568504956689523 ], [ 126.985223343573423, 37.568487797444547 ], [ 126.985256238580561, 37.568481602607292 ], [ 126.98542426705427, 37.568450937610933 ], [ 126.985641638094179, 37.568411268392111 ], [ 126.985710725670856, 37.56839802033636 ], [ 126.986268112893683, 37.568291122832889 ], [ 126.986465323363745, 37.568259056454757 ], [ 126.986473280311401, 37.568257931934717 ], [ 126.986639180446844, 37.568232326924218 ], [ 126.986656158183962, 37.568231481376387 ], [ 126.986671541532104, 37.568230637906851 ], [ 126.98671523465741, 37.5682283906431 ], [ 126.986745323008478, 37.568226711553642 ], [ 126.986780669806166, 37.568224741647818 ], [ 126.98679463770911, 37.56822389561431 ], [ 126.986836383150575, 37.568221648852266 ], [ 126.986852896391383, 37.568220835508214 ], [ 126.986870512921087, 37.568219969271127 ], [ 126.986892098693545, 37.568218565053407 ], [ 126.98691172586895, 37.568217432638271 ], [ 126.98692517281512, 37.568216596042639 ], [ 126.986936491320904, 37.568216029612941 ], [ 126.986976642390715, 37.568213781280271 ], [ 126.987089121785402, 37.568207317929811 ], [ 126.987430997351069, 37.568186808100009 ], [ 126.987608213523714, 37.568176132995511 ], [ 126.987627514347821, 37.568174865645489 ], [ 126.987627960697196, 37.568174836936898 ], [ 126.987839377029204, 37.568160952394791 ], [ 126.98797256101507, 37.568151763116511 ], [ 126.988030751392643, 37.568147748507485 ], [ 126.988124124336764, 37.568140434263888 ], [ 126.988195339487675, 37.568135381811722 ], [ 126.988209200939053, 37.568134532445157 ], [ 126.988217520907241, 37.568133967314914 ], [ 126.988233434127295, 37.568133129544151 ], [ 126.988251116503122, 37.568132564436212 ], [ 126.988264563767785, 37.568132008008185 ], [ 126.988271275791391, 37.568131440410916 ], [ 126.988276946676081, 37.568131441557007 ], [ 126.988286985383326, 37.568130904602846 ], [ 126.988287550639541, 37.568130874604478 ], [ 126.988294807265802, 37.568130316577218 ], [ 126.98830524506144, 37.568130038235189 ], [ 126.988318499884144, 37.568129472854785 ], [ 126.988338138285158, 37.568128348363111 ], [ 126.988360064060075, 37.568127224767956 ], [ 126.988387830581033, 37.568126101242875 ], [ 126.988475385210151, 37.56812245252226 ], [ 126.988555502800637, 37.568119083383969 ], [ 126.988654013889843, 37.568115147596501 ], [ 126.988747929410621, 37.568110941250865 ], [ 126.988830526206584, 37.56810700489887 ], [ 126.988882190851896, 37.568104787742818 ], [ 126.98888287613498, 37.568104758261207 ], [ 126.988920197602255, 37.568102798066313 ], [ 126.988927270362439, 37.568102798039263 ], [ 126.98894530214757, 37.568102800385837 ], [ 126.988971482789509, 37.568103083170307 ], [ 126.989015695229469, 37.568103366482113 ], [ 126.989026499247558, 37.568103515998551 ], [ 126.989036037391458, 37.568103649218941 ], [ 126.989056728262923, 37.568103940672259 ], [ 126.989080782347926, 37.568104219636844 ], [ 126.989110493703649, 37.568104503249039 ], [ 126.989130484486978, 37.568104505031428 ], [ 126.989228111619184, 37.568105641325637 ], [ 126.989331929883846, 37.568106209430979 ], [ 126.989383217280249, 37.568106503379134 ], [ 126.989405493174118, 37.568106505985092 ], [ 126.989450781348225, 37.568106791983809 ], [ 126.989469175506443, 37.568106792212106 ], [ 126.989517812701834, 37.568108481643613 ], [ 126.989567855862433, 37.568109903124522 ], [ 126.989588571343916, 37.568110571354076 ], [ 126.989611546550535, 37.568111309739685 ], [ 126.989758864249879, 37.568118083815875 ], [ 126.989995863433492, 37.568128802785679 ], [ 126.990150968043721, 37.568136140905558 ], [ 126.990233733302674, 37.568144033577198 ], [ 126.990237860392853, 37.568144422752951 ], [ 126.990365327226414, 37.568156436414718 ], [ 126.990561633498857, 37.568174192956327 ], [ 126.990594129741154, 37.568177084091985 ], [ 126.990710558333006, 37.568187439945341 ], [ 126.990859223145421, 37.56819996725168 ], [ 126.990884126611164, 37.568202066627606 ], [ 126.990884405073459, 37.568202081348694 ], [ 126.990890247200014, 37.568202378749554 ], [ 126.990972481434824, 37.568211117682466 ], [ 126.991278143214686, 37.568242006620473 ], [ 126.991321237586462, 37.568246361945064 ], [ 126.99135449732033, 37.56824972125635 ], [ 126.991536111076371, 37.568267886983122 ], [ 126.991599622095123, 37.568274240994327 ], [ 126.9918417476744, 37.568296218134208 ], [ 126.991899903482476, 37.568301113988412 ], [ 126.992226777823518, 37.568328630594266 ], [ 126.992297522109254, 37.568334546640884 ], [ 126.992317148231422, 37.568336231834557 ], [ 126.992390542765094, 37.568342409796962 ], [ 126.992441126290259, 37.568346667120302 ], [ 126.99246217014192, 37.568348352977068 ], [ 126.992473850811763, 37.568349481204471 ], [ 126.992477744278133, 37.568349759333252 ], [ 126.992484285517719, 37.56835032826217 ], [ 126.992499669409895, 37.568351735600338 ], [ 126.992519658209474, 37.568353708947804 ], [ 126.992592880849003, 37.56836019250359 ], [ 126.992652828494968, 37.568365540953934 ], [ 126.992721104603874, 37.568371743584301 ], [ 126.992778793162074, 37.568376929034507 ], [ 126.992859049705757, 37.568384143894022 ], [ 126.99309356924276, 37.568404712140939 ], [ 126.993154138180685, 37.568409960251024 ], [ 126.993467632413797, 37.568437116730571 ], [ 126.993777477002908, 37.568461464355224 ], [ 126.993854960254637, 37.568467552581168 ], [ 126.994423386613562, 37.568501656186342 ], [ 126.994541756491955, 37.56850875730607 ], [ 126.994587865015134, 37.568511521748967 ], [ 126.994602908515461, 37.568512370323432 ], [ 126.994603279715918, 37.568512402558348 ], [ 126.99484361016421, 37.568533502369633 ], [ 126.994990757990067, 37.568546179326198 ], [ 126.995031754039658, 37.568549759978694 ], [ 126.995036026228206, 37.568550133383198 ], [ 126.995064864360529, 37.56855265251113 ], [ 126.995117928983632, 37.568557447489503 ], [ 126.995187077463768, 37.568563641609167 ], [ 126.995302567376413, 37.568573503997897 ], [ 126.99556780569246, 37.568595981518804 ], [ 126.995603068053924, 37.568598969625029 ], [ 126.995611725774296, 37.568599702455231 ], [ 126.99588798149199, 37.568621961332219 ], [ 126.996073684298509, 37.568636052638361 ], [ 126.996134385466434, 37.56864072652791 ], [ 126.996165119150874, 37.568643094840454 ], [ 126.996194130890487, 37.568645068217258 ], [ 126.996248600640612, 37.56864872938133 ], [ 126.99632555917826, 37.568653595126285 ], [ 126.996328716018965, 37.568653796074898 ], [ 126.996352599979616, 37.568655491552882 ], [ 126.996354185307666, 37.568655491105417 ], [ 126.996467558264456, 37.568669011806662 ], [ 126.996522050513192, 37.568675391403573 ], [ 126.996616653877965, 37.568686466777336 ], [ 126.996687037195457, 37.568694635629157 ], [ 126.996836845523106, 37.568709850808823 ], [ 126.996857171697712, 37.568712203426088 ], [ 126.996921153238361, 37.568719605749642 ], [ 126.996992654723272, 37.56872787652982 ], [ 126.9970250274026, 37.568731535120364 ], [ 126.997078793572214, 37.568737457088062 ], [ 126.997093643544886, 37.568739142773723 ], [ 126.997109739144989, 37.56874082655284 ], [ 126.997118942310152, 37.568741954583416 ], [ 126.997131846422434, 37.568743368782059 ], [ 126.997145291868378, 37.568744774468946 ], [ 126.997342496692653, 37.568766460653698 ], [ 126.997533155304353, 37.568792369400676 ], [ 126.997747857404889, 37.568820532549836 ], [ 126.997958327664975, 37.568840812157156 ], [ 126.997969161607315, 37.568842596026528 ], [ 126.998230339249176, 37.568885590200495 ], [ 126.998454462017122, 37.568924411778418 ], [ 126.998544094453749, 37.568939936974914 ], [ 126.998726615127552, 37.568973169629743 ], [ 126.998849675971854, 37.568996067137327 ], [ 126.998949108657371, 37.569014566612601 ], [ 126.998986983227823, 37.569021691162931 ], [ 126.999199013718297, 37.569061584890946 ], [ 126.999444505062243, 37.569110296486244 ], [ 126.999456727877984, 37.569112682799926 ], [ 126.999568071197714, 37.569134408601457 ], [ 126.999796637592922, 37.56917901148676 ], [ 126.999979874812865, 37.569215333257382 ], [ 127.000063237550478, 37.569232606400085 ], [ 127.000198651909699, 37.569260663652642 ], [ 127.000341741534172, 37.569289928592084 ], [ 127.000370740791567, 37.569295859607273 ], [ 127.000509752703906, 37.569324295873109 ], [ 127.000637457370829, 37.569349920616581 ], [ 127.000788140621154, 37.569380617829331 ], [ 127.001044836183979, 37.569428567673967 ], [ 127.001122762832736, 37.569443122065465 ], [ 127.001307766657661, 37.569476909245999 ], [ 127.001445896886878, 37.56950929038954 ], [ 127.001466101185443, 37.569512993720018 ], [ 127.001625591233037, 37.569542230818634 ], [ 127.00166446758189, 37.569549492139274 ], [ 127.00172057105749, 37.569559970059061 ], [ 127.001808830178163, 37.569568701641067 ], [ 127.001933512456361, 37.56958136888354 ], [ 127.002010279807394, 37.569589810270081 ], [ 127.002033895460556, 37.569592240769801 ], [ 127.002144346637778, 37.569603612914833 ], [ 127.002257711173939, 37.56961571290968 ], [ 127.002374618170833, 37.569619937334608 ], [ 127.002453151854411, 37.569623314899403 ], [ 127.002471896243222, 37.569621621848697 ], [ 127.002591745618332, 37.569623060677202 ], [ 127.002612857346463, 37.569623313672416 ], [ 127.002738433476935, 37.569625566060061 ], [ 127.002748139369018, 37.56962570969587 ], [ 127.002986575852717, 37.569629221312717 ], [ 127.003109144708361, 37.569630912626145 ], [ 127.003315541551686, 37.569628089252916 ], [ 127.003319985369046, 37.569628041249423 ], [ 127.003518408342515, 37.569625834746049 ], [ 127.003617984208773, 37.569624427344664 ], [ 127.003620100685495, 37.569625274496723 ], [ 127.003669272421803, 37.56962442666147 ], [ 127.003716315263603, 37.569623578869653 ], [ 127.003818021520829, 37.569621603393117 ], [ 127.003903692005522, 37.569620139108252 ], [ 127.003949959915346, 37.569619347455721 ], [ 127.004015046604806, 37.569618788079538 ], [ 127.00407164227903, 37.569617940621029 ], [ 127.004129653800646, 37.569617380302823 ], [ 127.00414540040633, 37.569617100325843 ], [ 127.004169973264709, 37.569617100781258 ], [ 127.004194208327533, 37.569616811381778 ], [ 127.004206409423219, 37.569616530927661 ], [ 127.00421331586827, 37.569616531089423 ], [ 127.004220560900421, 37.569616530870007 ], [ 127.004232944718382, 37.569616530598182 ], [ 127.004246030197791, 37.569616252051247 ], [ 127.004273977178826, 37.569615971012276 ], [ 127.004336232956987, 37.569615401374264 ], [ 127.004412469980664, 37.569615400559549 ], [ 127.004508854085572, 37.569615118310629 ], [ 127.004572876803508, 37.569614828170764 ], [ 127.004644334730131, 37.569614547562225 ], [ 127.004704827013512, 37.569614545389726 ], [ 127.004744444389971, 37.569614266331769 ], [ 127.004787945875165, 37.569613985526594 ], [ 127.004848254349596, 37.569613695881117 ], [ 127.005012916634897, 37.56961313172939 ], [ 127.005027294084158, 37.569613036979639 ], [ 127.005099589003024, 37.569612561308396 ], [ 127.005248856375317, 37.569611151722079 ], [ 127.005293086048539, 37.569611032419637 ], [ 127.00535444681617, 37.569610867705705 ], [ 127.005433681994219, 37.569610586757129 ], [ 127.005964809169171, 37.569605774703248 ], [ 127.006137096436589, 37.569610090140934 ], [ 127.006200751132766, 37.569611684999927 ], [ 127.006507961180745, 37.569623782166069 ], [ 127.006575757249493, 37.569627234685981 ], [ 127.006675020939312, 37.569632289666892 ], [ 127.006733910369192, 37.56963528845413 ], [ 127.006905565020773, 37.569644028446902 ], [ 127.006941991941218, 37.569645718289529 ], [ 127.007272382311513, 37.569657812932697 ], [ 127.00758154005716, 37.569675817457735 ], [ 127.007810055423889, 37.569687346812152 ], [ 127.007989401566448, 37.56969522045587 ], [ 127.008104713680765, 37.56970027802415 ], [ 127.008151586263665, 37.569702247170056 ], [ 127.008172629575995, 37.569703095577999 ], [ 127.00823630092664, 37.569705621402299 ], [ 127.008293782182108, 37.569707870835551 ], [ 127.008374082370992, 37.56971096519144 ], [ 127.008418114485409, 37.569712657406512 ], [ 127.00846145590944, 37.569714339518598 ], [ 127.008555361531208, 37.569717991548103 ], [ 127.008812178117466, 37.569728111694531 ], [ 127.008822082388591, 37.569728399871998 ], [ 127.008829339188182, 37.569728678836391 ], [ 127.008836061501682, 37.569728957379347 ], [ 127.008859571613726, 37.569730084529489 ], [ 127.008881158512096, 37.569730929664566 ], [ 127.008892115962425, 37.569731209598629 ], [ 127.008951010936826, 37.569733734997286 ], [ 127.008983032491486, 37.569735149001993 ], [ 127.008988692622026, 37.569735427625083 ], [ 127.008996119289051, 37.569735705483076 ], [ 127.009017874199031, 37.569736832512355 ], [ 127.00906510014137, 37.569738800962561 ], [ 127.009084025553776, 37.569739357377593 ], [ 127.009136728171157, 37.569741606358576 ], [ 127.009164145056616, 37.569742731665229 ], [ 127.009277690540159, 37.569746102434024 ], [ 127.009598165496442, 37.569755937446907 ], [ 127.009672497033051, 37.569758674429799 ], [ 127.009680785278874, 37.569758979258239 ], [ 127.009705180181243, 37.569759877367225 ], [ 127.009764957656358, 37.569761836373459 ], [ 127.009783704530463, 37.569762682168793 ], [ 127.009835130940459, 37.569764937256195 ], [ 127.009863122711835, 37.56976577635632 ], [ 127.010035088744928, 37.569770822075036 ], [ 127.010035379761888, 37.569770823282859 ], [ 127.010039987436244, 37.569770827984627 ], [ 127.010243374867173, 37.569769687160971 ], [ 127.010805462779118, 37.569767959820958 ], [ 127.011325836761245, 37.569765015183187 ], [ 127.011612852256192, 37.569763388901102 ], [ 127.012128950254322, 37.569754892364649 ], [ 127.012199932298117, 37.569751374786534 ], [ 127.012430495073744, 37.569739944534504 ], [ 127.012483912577636, 37.569737118584541 ], [ 127.012648938138298, 37.569725332518594 ], [ 127.012649638290029, 37.569725281328083 ], [ 127.01290732016156, 37.569706958623357 ], [ 127.013080472028875, 37.569695111742455 ], [ 127.013194911354759, 37.569697919989494 ], [ 127.013703039781007, 37.569704627296403 ], [ 127.014009378013739, 37.569708250318506 ], [ 127.014084720075147, 37.569709371665823 ], [ 127.014091491140064, 37.569709469840667 ], [ 127.014190721323985, 37.569710891342751 ], [ 127.014221255691723, 37.569711328858126 ], [ 127.014407504238307, 37.569713841912751 ], [ 127.014456495106003, 37.569714683373498 ], [ 127.014533602826916, 37.569716639133439 ], [ 127.014613020130525, 37.569718323118558 ], [ 127.014653701951772, 37.569719445805724 ], [ 127.014701810013307, 37.569720566558416 ], [ 127.014745492237751, 37.569721407708663 ], [ 127.014840474511416, 37.569723928874858 ], [ 127.01493739000783, 37.569725891861573 ], [ 127.014991159540514, 37.569728137204983 ], [ 127.015105235736726, 37.569731782164531 ], [ 127.015166258924154, 37.569733748960658 ], [ 127.015207993442274, 37.569734590954269 ], [ 127.015257166433599, 37.569735989863531 ], [ 127.01529058633858, 37.569710362963235 ], [ 127.01529854460307, 37.569704450349072 ], [ 127.015592321541476, 37.569729193951183 ], [ 127.015879556384078, 37.569761531790618 ], [ 127.015886494699785, 37.569762558936496 ], [ 127.015888955301563, 37.569762922355096 ], [ 127.016075535536999, 37.569790509630685 ], [ 127.016107897778639, 37.569795300449378 ], [ 127.016188914252453, 37.56980992246573 ], [ 127.016217384266255, 37.569815270560298 ], [ 127.016234182540359, 37.569818367926104 ], [ 127.016251343183882, 37.56982146497171 ], [ 127.016295389905821, 37.569829342962095 ], [ 127.016401330728158, 37.569848474543079 ], [ 127.016606379731996, 37.569885676498401 ], [ 127.016682030127299, 37.569899400094251 ], [ 127.01705399664786, 37.569979058380653 ], [ 127.017077524753361, 37.569984095817134 ], [ 127.017276683052486, 37.570054741353623 ], [ 127.017333871282545, 37.570076865312238 ], [ 127.01733417533103, 37.570076953084715 ], [ 127.017363532843916, 37.570088518422494 ], [ 127.017572573763701, 37.57019310535059 ], [ 127.017585347896073, 37.570199497630867 ], [ 127.017606576435696, 37.570210117525889 ], [ 127.017751978463679, 37.570280771531003 ], [ 127.01777231039344, 37.570291184028996 ], [ 127.017847143517514, 37.570334817466183 ], [ 127.0180291259543, 37.570440450400667 ], [ 127.018044024736227, 37.570449099266405 ], [ 127.018199155771086, 37.570538617985363 ], [ 127.01846161294651, 37.570691144079838 ], [ 127.018465551451357, 37.570693431540896 ], [ 127.018691258855014, 37.570824611127108 ], [ 127.018929012822881, 37.570962255164098 ], [ 127.019019751414518, 37.571013201308475 ], [ 127.019020259645401, 37.57101323582765 ], [ 127.019023994981723, 37.571013488100789 ], [ 127.019053531119127, 37.571027838909998 ], [ 127.019053911584379, 37.571028018926839 ], [ 127.019079716656918, 37.571040221940763 ], [ 127.019139321585669, 37.571067809825244 ], [ 127.019182839024538, 37.57108525509215 ], [ 127.019269872509, 37.571120724237339 ], [ 127.019423934006895, 37.571181516450601 ], [ 127.019575699209412, 37.571242309934114 ], [ 127.019697538011144, 37.571290980928033 ], [ 127.019954102791459, 37.571393472063981 ], [ 127.020032255545956, 37.571424690734752 ], [ 127.020136791318606, 37.571466343338123 ], [ 127.0202871435296, 37.57152656952556 ], [ 127.020373471183461, 37.571561016466475 ], [ 127.020401415746278, 37.571572167899163 ], [ 127.02044227074208, 37.571588487819945 ], [ 127.02050117489614, 37.571612129676048 ], [ 127.020595285065681, 37.571649000241536 ], [ 127.020674710909503, 37.571682207523004 ], [ 127.020731486267067, 37.571705847831467 ], [ 127.020747765709999, 37.571712603723057 ], [ 127.020750947401339, 37.571713728902445 ], [ 127.02075466041795, 37.57171570350544 ], [ 127.020776067915961, 37.571721330091421 ], [ 127.020838659639381, 37.571738402404854 ], [ 127.020843107944302, 37.57173961654815 ], [ 127.02094976863701, 37.571768602307664 ], [ 127.021047578743449, 37.571795057133315 ], [ 127.021228174062912, 37.571843735974056 ], [ 127.02125111550319, 37.571849981611344 ], [ 127.021380118511132, 37.571885100221266 ], [ 127.021449105281917, 37.571903947654214 ], [ 127.021486249651218, 37.571914085152208 ], [ 127.021490870882161, 37.571915354954292 ], [ 127.021524105721923, 37.571924494124723 ], [ 127.021527987266552, 37.571925620317081 ], [ 127.021533127650997, 37.571926457772129 ], [ 127.021539307552274, 37.57192730304547 ], [ 127.021552406166563, 37.571929274200542 ], [ 127.021568613297177, 37.571931775325602 ], [ 127.021576098047476, 37.571932928737979 ], [ 127.021604399820035, 37.571937148168558 ], [ 127.02161095389144, 37.571938274372187 ], [ 127.021618379942922, 37.571939398700884 ], [ 127.021628635745572, 37.57194108251521 ], [ 127.021643669033338, 37.571943331904095 ], [ 127.021680991794085, 37.571948956115357 ], [ 127.02168878021466, 37.571950081907843 ], [ 127.0216949605976, 37.571951206592736 ], [ 127.021702046431741, 37.571952053725411 ], [ 127.021721144255054, 37.571955148811931 ], [ 127.021730518556495, 37.571956553233704 ], [ 127.021757402540146, 37.571960774094464 ], [ 127.021780575313997, 37.571964148872894 ], [ 127.021791544556933, 37.571965831957783 ], [ 127.021817898574199, 37.571970052460642 ], [ 127.021843719866411, 37.571973994987552 ], [ 127.021887053175433, 37.571980744925312 ], [ 127.021923683211881, 37.571986324792341 ], [ 127.021942420224605, 37.571989177722116 ], [ 127.022003448965265, 37.571998744779044 ], [ 127.022205082532523, 37.572022072183522 ], [ 127.022281139120821, 37.572022345733984 ], [ 127.022413189329598, 37.572022322993163 ], [ 127.022435903582277, 37.572022318438854 ], [ 127.022452882301323, 37.572021748968865 ], [ 127.022518320559726, 37.572017519544772 ], [ 127.02277088157966, 37.572001139386501 ], [ 127.022921229414408, 37.571991544724419 ], [ 127.022994622975901, 37.571982512356989 ], [ 127.023101623882098, 37.571968986392257 ], [ 127.02313682653535, 37.571960809158256 ] ] ] } },
{ "type": "Feature", "properties": { "SIGUNGU_NM": "관악구" }, "geometry": { "type": "Polygon", "coordinates": [ [ [ 126.927913453612675, 37.495078092903718 ], [ 126.928025737118048, 37.495027915517007 ], [ 126.928087068359972, 37.495006103998136 ], [ 126.928220987385004, 37.494955721098165 ], [ 126.928253180630122, 37.494942378208464 ], [ 126.928416421709102, 37.49486467088326 ], [ 126.928452334029771, 37.494840695513936 ], [ 126.928487694872587, 37.494817087021389 ], [ 126.928543269415329, 37.494790895668359 ], [ 126.928677727034525, 37.494714716247351 ], [ 126.928680043538449, 37.494715944280678 ], [ 126.928833877746897, 37.494624811153685 ], [ 126.928948276447031, 37.49455785625824 ], [ 126.928952904660918, 37.494555147522448 ], [ 126.928983887319987, 37.494534355183667 ], [ 126.929014123979741, 37.494511695227203 ], [ 126.92907170385088, 37.494474354530311 ], [ 126.929168575857986, 37.494411534861165 ], [ 126.929179112390756, 37.494424604957011 ], [ 126.929367213649215, 37.494289399955868 ], [ 126.92943566754721, 37.494250463925226 ], [ 126.929549619658431, 37.494177678115442 ], [ 126.929547160945134, 37.494195742033462 ], [ 126.929615986381577, 37.494153445633742 ], [ 126.92985918465709, 37.49400334323672 ], [ 126.929868597600432, 37.494002914551537 ], [ 126.929898518067617, 37.4940015482739 ], [ 126.929933412085319, 37.493999953609176 ], [ 126.930070335547313, 37.493998018353672 ], [ 126.930070822114899, 37.49399800087123 ], [ 126.930117204168738, 37.493970169021814 ], [ 126.930241381193014, 37.493895652585209 ], [ 126.930250794846813, 37.493889469616576 ], [ 126.930259619314299, 37.493884601588064 ], [ 126.930283970220586, 37.493871225725783 ], [ 126.930381054042428, 37.493814836344733 ], [ 126.93052150645768, 37.49373381277762 ], [ 126.930558973748759, 37.493710038947803 ], [ 126.93057017396734, 37.493702910930352 ], [ 126.930572828174348, 37.493701378799784 ], [ 126.930680171442702, 37.493639385316143 ], [ 126.930753542878904, 37.493597741102931 ], [ 126.930767185537377, 37.493589999294542 ], [ 126.93076932153042, 37.493588778334413 ], [ 126.930946954332398, 37.493487211225762 ], [ 126.931176129817601, 37.493356163509567 ], [ 126.931338325537169, 37.493262545346262 ], [ 126.93133858538863, 37.493225587392068 ], [ 126.931357656053535, 37.493221064245986 ], [ 126.931406450109591, 37.493209491338476 ], [ 126.931565072014678, 37.493172098477238 ], [ 126.93156604175951, 37.493174598998408 ], [ 126.931578179347227, 37.49317645921078 ], [ 126.931726894767635, 37.493135352649993 ], [ 126.931726377747282, 37.493134015254554 ], [ 126.93173369180117, 37.49313228738469 ], [ 126.931736166839542, 37.493131702592493 ], [ 126.931743813649291, 37.493142941429042 ], [ 126.932060662998808, 37.493071893315474 ], [ 126.932063641085762, 37.49307120457474 ], [ 126.932068719890538, 37.493070064438662 ], [ 126.932088637578218, 37.493064818753098 ], [ 126.932342305790229, 37.492997987339351 ], [ 126.93234709552182, 37.492988108055506 ], [ 126.932375502295912, 37.492980718224246 ], [ 126.932404269518685, 37.492973232771455 ], [ 126.932410391346906, 37.492905716354812 ], [ 126.932413977752645, 37.492882640840264 ], [ 126.932415463040115, 37.492873075573584 ], [ 126.932649597139076, 37.492904087401207 ], [ 126.932666442276357, 37.492906625395655 ], [ 126.932694770979666, 37.492910895056099 ], [ 126.932988378000331, 37.492955138873931 ], [ 126.933008214578621, 37.492958066141618 ], [ 126.933043854866455, 37.492963328050152 ], [ 126.933318305986973, 37.493003840340172 ], [ 126.933435445337253, 37.493021130450202 ], [ 126.933491485036242, 37.493029401435045 ], [ 126.933493770617474, 37.493028736378072 ], [ 126.933501466026385, 37.493031178098377 ], [ 126.93351877421442, 37.49303666923209 ], [ 126.933543089941125, 37.493045812007985 ], [ 126.933649169225859, 37.493070163278084 ], [ 126.933701060807195, 37.493082473985694 ], [ 126.933871281153131, 37.493114592129729 ], [ 126.933877744203002, 37.493091917938528 ], [ 126.933964332318112, 37.493093217977844 ], [ 126.933965368133343, 37.4931103577225 ], [ 126.93396863707234, 37.493109800122561 ], [ 126.933983107198756, 37.493107777405122 ], [ 126.934009799589788, 37.493104045683715 ], [ 126.934011217451953, 37.493084650784049 ], [ 126.934180817461538, 37.493085503772512 ], [ 126.934312725191376, 37.493086167023414 ], [ 126.93431420764162, 37.493067797271109 ], [ 126.934315552920964, 37.493051116003471 ], [ 126.934350571758813, 37.493045650205836 ], [ 126.934365850035903, 37.493043264458919 ], [ 126.934477745546019, 37.493010413922804 ], [ 126.934492914040646, 37.493005783256834 ], [ 126.934600605167262, 37.493011732089087 ], [ 126.934651338485509, 37.492957109331222 ], [ 126.935197724572859, 37.492783217431501 ], [ 126.935214206342351, 37.492778284687191 ], [ 126.935254786587308, 37.492766142722722 ], [ 126.935371087166189, 37.492728967856671 ], [ 126.935822956381656, 37.492392497903722 ], [ 126.936134953866699, 37.492292541606517 ], [ 126.936332377915534, 37.492040047541813 ], [ 126.936533574625514, 37.491969719051433 ], [ 126.937258780505516, 37.491911405784343 ], [ 126.937350234517638, 37.492019376822732 ], [ 126.937614039940229, 37.492089446106327 ], [ 126.937644186973017, 37.492112359683688 ], [ 126.937824590363888, 37.492249479967342 ], [ 126.938109747961775, 37.492263336602058 ], [ 126.938265112979124, 37.49236617480949 ], [ 126.938303644746213, 37.492391679827335 ], [ 126.938889481711797, 37.49233002041256 ], [ 126.939009116093544, 37.492286604176293 ], [ 126.9392548408658, 37.492197426005895 ], [ 126.939479317617213, 37.49234209180441 ], [ 126.939481789231493, 37.492389787095604 ], [ 126.939485770153922, 37.492466511425278 ], [ 126.939598054072917, 37.492595649664317 ], [ 126.93969358015913, 37.492622759486579 ], [ 126.939735683263692, 37.492634709251412 ], [ 126.939735399462947, 37.492668764760175 ], [ 126.93973437521322, 37.492792858666434 ], [ 126.93978219149254, 37.492820659724003 ], [ 126.939782602604936, 37.492820898730301 ], [ 126.939869323713282, 37.492871317197405 ], [ 126.939926457872787, 37.492903681777172 ], [ 126.939940612842918, 37.492904752994605 ], [ 126.93998041629969, 37.492907771946399 ], [ 126.940082790969683, 37.492915540162926 ], [ 126.940169604137893, 37.492931539647188 ], [ 126.940250517058232, 37.492946451116396 ], [ 126.940387647168194, 37.492971722233932 ], [ 126.940553124228771, 37.492874231080947 ], [ 126.940578784613749, 37.492859114261783 ], [ 126.940600673329627, 37.49286191476957 ], [ 126.940848625717535, 37.492893644595362 ], [ 126.940884350310469, 37.492851704103082 ], [ 126.940894463752642, 37.492839830625783 ], [ 126.940911876370222, 37.492819390947432 ], [ 126.940912396138174, 37.492819470923934 ], [ 126.940967449048955, 37.492754121708209 ], [ 126.941082156282064, 37.492417288489406 ], [ 126.941176429962582, 37.492387827456291 ], [ 126.941229986703902, 37.492371088407943 ], [ 126.941279887864553, 37.492355491191113 ], [ 126.941413442833934, 37.492313744568364 ], [ 126.941538550406051, 37.492274640298831 ], [ 126.941588630986288, 37.492202106901772 ], [ 126.941634533208074, 37.492192118702867 ], [ 126.94173220683912, 37.492170863019624 ], [ 126.941742359859219, 37.492172183713642 ], [ 126.941892778762821, 37.492191960818253 ], [ 126.94189410664184, 37.492192135645119 ], [ 126.941954526910919, 37.492200080796337 ], [ 126.942296279594274, 37.492245019247008 ], [ 126.942313273816296, 37.492243049787028 ], [ 126.942532947654442, 37.492217577687327 ], [ 126.942545409700841, 37.492216133029565 ], [ 126.942567477888005, 37.492191725666373 ], [ 126.942621793346433, 37.492143460107265 ], [ 126.942852567471121, 37.49216366645971 ], [ 126.942930637128711, 37.49220267397709 ], [ 126.942959608691794, 37.492217149369544 ], [ 126.943391770717398, 37.492240517811211 ], [ 126.943423524881638, 37.492269058351731 ], [ 126.943530984432698, 37.492365643791047 ], [ 126.94356495057086, 37.492369284818345 ], [ 126.943660007966898, 37.49237921477949 ], [ 126.943708188443125, 37.492397881619922 ], [ 126.943714414885335, 37.492400294126341 ], [ 126.943806728734373, 37.492436058355871 ], [ 126.943881333379679, 37.492468926917581 ], [ 126.943944093414302, 37.49249366172296 ], [ 126.944363148275158, 37.49249388478146 ], [ 126.944512020594672, 37.492499208841195 ], [ 126.944516885130625, 37.492526358946584 ], [ 126.944539357643094, 37.492699775677309 ], [ 126.944543264429953, 37.493036955525291 ], [ 126.944544038723379, 37.493103787550446 ], [ 126.944541813302592, 37.493144610345375 ], [ 126.944705633217211, 37.493198766036407 ], [ 126.944862495471781, 37.493229494995745 ], [ 126.945122825232971, 37.493282971477079 ], [ 126.945278220864964, 37.493314891800779 ], [ 126.945424657530566, 37.493346315580283 ], [ 126.945462765721985, 37.493365094863599 ], [ 126.945546486587375, 37.493406351728062 ], [ 126.945804263279996, 37.493526403349897 ], [ 126.94587350337288, 37.493558648789666 ], [ 126.946089847532306, 37.493533907104428 ], [ 126.946090993310023, 37.493533776371827 ], [ 126.946092223625982, 37.493534452749785 ], [ 126.946339710241588, 37.493670510822724 ], [ 126.946340989010707, 37.493671213564525 ], [ 126.946341042684438, 37.493674056694886 ], [ 126.946347568219991, 37.493673982720054 ], [ 126.946783987287731, 37.493903050112692 ], [ 126.946952029649182, 37.494063110233519 ], [ 126.946959384409936, 37.494104612475645 ], [ 126.946964164816137, 37.494125662602386 ], [ 126.947182764440797, 37.494038971129299 ], [ 126.94723545495728, 37.493998840512795 ], [ 126.947352833257881, 37.493909439692203 ], [ 126.947550441812865, 37.493760675654201 ], [ 126.94765309118948, 37.493755374336352 ], [ 126.948079515009383, 37.493733346164085 ], [ 126.948336937063743, 37.493720685670027 ], [ 126.948655183617689, 37.493814812808793 ], [ 126.948793231012601, 37.49385564308789 ], [ 126.948795765192969, 37.493788197376418 ], [ 126.948798523231119, 37.493725693946082 ], [ 126.948799720627079, 37.493698529035953 ], [ 126.948802707555856, 37.493630739313957 ], [ 126.94882262044969, 37.493179140713053 ], [ 126.948979030884615, 37.493131323279357 ], [ 126.949341848985995, 37.493024940515745 ], [ 126.94937507232865, 37.493015198473294 ], [ 126.949424475390131, 37.493000713174283 ], [ 126.949434496753071, 37.492986408474522 ], [ 126.949440979025539, 37.492979582964104 ], [ 126.949439995844713, 37.492977599002486 ], [ 126.949452044392061, 37.492958358904829 ], [ 126.949565459555544, 37.492777029630531 ], [ 126.949676839990786, 37.492731406269243 ], [ 126.949959965422849, 37.492613239149222 ], [ 126.950221030488237, 37.492527260698822 ], [ 126.950249045484995, 37.492518426173405 ], [ 126.950615798633422, 37.492439720427853 ], [ 126.951508588816083, 37.49224636622133 ], [ 126.951553624929275, 37.492236612607691 ], [ 126.95169735658024, 37.492205479908058 ], [ 126.952065850191701, 37.491953922670071 ], [ 126.952224770636136, 37.491708313335621 ], [ 126.952238577920582, 37.491686973728342 ], [ 126.952273155379331, 37.491675077492147 ], [ 126.952805465684904, 37.491491900725009 ], [ 126.952826646933673, 37.491439415453115 ], [ 126.952833940566933, 37.491404422492465 ], [ 126.952847087025773, 37.4913505137147 ], [ 126.95286611932319, 37.491337672792028 ], [ 126.952969341459436, 37.491253643147836 ], [ 126.953129249688601, 37.491122046205305 ], [ 126.953181519366538, 37.491078098210252 ], [ 126.953267162757029, 37.491008080556362 ], [ 126.953339634412742, 37.49095031082625 ], [ 126.953393890805955, 37.490910319873279 ], [ 126.953436348408914, 37.490875343542797 ], [ 126.953528727459897, 37.490796029611445 ], [ 126.953727257119212, 37.49064161505629 ], [ 126.95398052840774, 37.490812974794409 ], [ 126.954012442912116, 37.490834569190625 ], [ 126.954176527390558, 37.490945586843381 ], [ 126.954880333367242, 37.490992420689288 ], [ 126.955022410094585, 37.491146510636064 ], [ 126.955164943933411, 37.491306583925265 ], [ 126.955421091615165, 37.491453656851135 ], [ 126.955806087352229, 37.491484088679499 ], [ 126.956013211642258, 37.491497773367399 ], [ 126.956121004056527, 37.491500313041925 ], [ 126.956223994200172, 37.491502738575534 ], [ 126.95629538879416, 37.491524020126789 ], [ 126.956308900482739, 37.491527846378659 ], [ 126.956440708686145, 37.491565168796555 ], [ 126.956444955422526, 37.491567173124757 ], [ 126.956491987430965, 37.491589373615341 ], [ 126.956605486708867, 37.491638788953757 ], [ 126.956654949266309, 37.49166027947328 ], [ 126.956688876987016, 37.491598057975963 ], [ 126.956689732373789, 37.491596781982402 ], [ 126.956690833454815, 37.491595631506073 ], [ 126.956692150623837, 37.49159463345152 ], [ 126.956693651972998, 37.49159382012089 ], [ 126.956695296675676, 37.491593205748117 ], [ 126.956697043853069, 37.491592811777814 ], [ 126.956698848219162, 37.491592643409795 ], [ 126.956700662212569, 37.491592707636222 ], [ 126.956702440599543, 37.491593002446365 ], [ 126.956704133647733, 37.491593522203345 ], [ 126.957123322489892, 37.491753376050788 ], [ 126.95712489863844, 37.491754106182185 ], [ 126.957126303728032, 37.491755026615259 ], [ 126.957127503966987, 37.491756117364872 ], [ 126.957128474704263, 37.491757345868912 ], [ 126.95712918222651, 37.491758681326274 ], [ 126.957129610945159, 37.491760089413802 ], [ 126.957129754321045, 37.491761535849818 ], [ 126.957129601329441, 37.491762980923951 ], [ 126.957129161280704, 37.491764388624716 ], [ 126.95712844123581, 37.491765721127543 ], [ 126.957123546267056, 37.49177309697501 ], [ 126.957171348124632, 37.491787597733271 ], [ 126.957172774053859, 37.491788139691458 ], [ 126.957174507224295, 37.491789056223304 ], [ 126.957175823405194, 37.491790069988461 ], [ 126.95717691672796, 37.49179124136846 ], [ 126.95717775801694, 37.491792537780455 ], [ 126.95717832717186, 37.491793923077772 ], [ 126.957178606315736, 37.491795366532095 ], [ 126.957178591236925, 37.491796824859001 ], [ 126.957178282183321, 37.491798263808008 ], [ 126.957177683966549, 37.491799643741466 ], [ 126.957172328541944, 37.49180937182058 ], [ 126.957175442048722, 37.491811190644029 ], [ 126.957189320497037, 37.491816402965412 ], [ 126.957190892227231, 37.491817118653913 ], [ 126.957192299672485, 37.491818026478022 ], [ 126.957193504555477, 37.491819101023871 ], [ 126.957194482186068, 37.491820315137296 ], [ 126.957195203375477, 37.491821638038076 ], [ 126.95719563259145, 37.491822977624452 ], [ 126.957312209316271, 37.491891035677668 ], [ 126.957315655131097, 37.491893048914413 ], [ 126.957349479215239, 37.491912794385563 ], [ 126.957349975145917, 37.491913043635449 ], [ 126.957346076330666, 37.491918450095163 ], [ 126.957389055152618, 37.491932593306288 ], [ 126.957401755708361, 37.491938946719152 ], [ 126.957478349067244, 37.491977263651847 ], [ 126.957547811509457, 37.492192615829694 ], [ 126.957600251050351, 37.492355189248222 ], [ 126.957788246559772, 37.492441214271572 ], [ 126.957859808479512, 37.492469580314342 ], [ 126.957865603564755, 37.492460995340906 ], [ 126.957866564647517, 37.492459806354304 ], [ 126.957867748753571, 37.492458749989304 ], [ 126.957869124001263, 37.492457854943048 ], [ 126.957870660810428, 37.492457144515036 ], [ 126.957872316104897, 37.492456631126622 ], [ 126.957874051294084, 37.492456332627839 ], [ 126.957875825616284, 37.492456254239805 ], [ 126.957877590430627, 37.492456395739261 ], [ 126.957879308395007, 37.492456758757605 ], [ 126.957880933235103, 37.492457328660741 ], [ 126.957907606118852, 37.492468781117303 ], [ 126.95791167948849, 37.492470525006347 ], [ 126.958113643200861, 37.492556972346485 ], [ 126.958146176966082, 37.492565144552671 ], [ 126.958452920978004, 37.4926246318376 ], [ 126.958507202375145, 37.492693317104994 ], [ 126.958680767111133, 37.492767652463066 ], [ 126.958682415873852, 37.492768514504561 ], [ 126.95868385155606, 37.492769590092706 ], [ 126.958685030275561, 37.492770846577578 ], [ 126.958685918343846, 37.492772249553219 ], [ 126.958686486688279, 37.4927737520159 ], [ 126.958686719784424, 37.492775310629298 ], [ 126.958686608920999, 37.492776878482914 ], [ 126.958686156711636, 37.492778406915463 ], [ 126.958685381580622, 37.492779850943492 ], [ 126.958665688297387, 37.492809126924591 ], [ 126.958637755543378, 37.492850571324894 ], [ 126.958685954191267, 37.492904900659774 ], [ 126.958696212432983, 37.492916463403439 ], [ 126.958756510434782, 37.493060196083206 ], [ 126.958797772755162, 37.493188498623581 ], [ 126.958860612424601, 37.493383901470743 ], [ 126.958864425058081, 37.493395766373496 ], [ 126.958874458877119, 37.493416967186505 ], [ 126.95889619343302, 37.493462893540496 ], [ 126.958900293775542, 37.493476119006345 ], [ 126.958933379170944, 37.493582892079296 ], [ 126.959163470361759, 37.493698423442233 ], [ 126.959199309532423, 37.493716418158037 ], [ 126.959363832849633, 37.493802863216324 ], [ 126.959705509421326, 37.49379349650966 ], [ 126.959758658695449, 37.493789551870314 ], [ 126.960131836798439, 37.493757247832477 ], [ 126.960204336692968, 37.493750993810849 ], [ 126.96027647434417, 37.49374477234133 ], [ 126.960289027543723, 37.493743697587341 ], [ 126.960580870215153, 37.493562428177576 ], [ 126.961052343630669, 37.493258232126912 ], [ 126.960954859029442, 37.492947125552263 ], [ 126.960947140142338, 37.49292248507971 ], [ 126.961110583199059, 37.492904103946124 ], [ 126.961377653478507, 37.492874066434808 ], [ 126.961375149561292, 37.492833338904838 ], [ 126.961372552749083, 37.492791055208194 ], [ 126.961370627456077, 37.492773405064021 ], [ 126.961361592013674, 37.492690438990756 ], [ 126.96135786292399, 37.492656179421772 ], [ 126.961352255399177, 37.492604677334668 ], [ 126.961350338711597, 37.492587090323887 ], [ 126.961350132802878, 37.492585203745399 ], [ 126.961348238079736, 37.492567708773137 ], [ 126.961338334234327, 37.492476821212513 ], [ 126.961335971895096, 37.492455132795676 ], [ 126.961343357852897, 37.492366422427757 ], [ 126.961344391027609, 37.49235392711396 ], [ 126.961349018888043, 37.492298318237573 ], [ 126.961355511332087, 37.492220293891698 ], [ 126.961364262380684, 37.49211507687437 ], [ 126.961373525206398, 37.49200916093168 ], [ 126.961380416675993, 37.491907383123255 ], [ 126.961380965904098, 37.491899267100429 ], [ 126.961389049019004, 37.491779933574307 ], [ 126.961393146600543, 37.491667724231696 ], [ 126.961395500517668, 37.491603311335524 ], [ 126.961397116357119, 37.491559135958617 ], [ 126.961399903027484, 37.491482661264691 ], [ 126.961387006500573, 37.491468589963539 ], [ 126.961355582294246, 37.491434306872634 ], [ 126.961210596143474, 37.491281312696586 ], [ 126.96119722035661, 37.491267199529013 ], [ 126.961193649204333, 37.491263411961697 ], [ 126.961081455796148, 37.491144312206444 ], [ 126.961067331865678, 37.49112931949157 ], [ 126.961013484499063, 37.491072160314332 ], [ 126.961006751959331, 37.491064552786277 ], [ 126.960778975499565, 37.490822870716158 ], [ 126.960852071749798, 37.490305963832633 ], [ 126.960869137843019, 37.490185272399742 ], [ 126.960867515396657, 37.490174930028012 ], [ 126.960914446246804, 37.490123912816941 ], [ 126.96098682340326, 37.49004750326349 ], [ 126.96099898341231, 37.490035257012131 ], [ 126.961027581884011, 37.489967268274526 ], [ 126.961053281133047, 37.489906671858527 ], [ 126.961063858165332, 37.489881730866593 ], [ 126.961098703161895, 37.489801110133435 ], [ 126.961134957690604, 37.489717160793973 ], [ 126.961170436878234, 37.489633739706818 ], [ 126.961209029688703, 37.489550221039174 ], [ 126.961305202873632, 37.489346494841087 ], [ 126.961310799049059, 37.489334645869583 ], [ 126.961397053962429, 37.489152131987545 ], [ 126.961528250116075, 37.489099737400736 ], [ 126.961560540820301, 37.489086144272868 ], [ 126.961573409464336, 37.489080724468757 ], [ 126.961616002402636, 37.489062781453512 ], [ 126.961626043624236, 37.489058551170139 ], [ 126.961657916781277, 37.489045130976145 ], [ 126.961671014585903, 37.489039616661593 ], [ 126.961692716181645, 37.489031722304119 ], [ 126.961755709210422, 37.489008804754455 ], [ 126.961764836690747, 37.489005484273207 ], [ 126.961802049671789, 37.48884139213358 ], [ 126.961838288255336, 37.488681598621618 ], [ 126.961966880628808, 37.488627762125276 ], [ 126.961931134816354, 37.488464211062379 ], [ 126.961877396991852, 37.48821833992816 ], [ 126.96186614925098, 37.488166866217846 ], [ 126.961844492474086, 37.488067479372233 ], [ 126.961837294306477, 37.48802830510833 ], [ 126.961823586276381, 37.487953665197125 ], [ 126.961796464185866, 37.487805991124013 ], [ 126.961793133199777, 37.487779625646077 ], [ 126.961774978426007, 37.487635812370762 ], [ 126.961767749342684, 37.487578570234959 ], [ 126.961758334435174, 37.487504049920162 ], [ 126.961741247080653, 37.487368820623658 ], [ 126.961722937403508, 37.487223921390033 ], [ 126.961818286072017, 37.487158630534822 ], [ 126.961834209320287, 37.487147728131625 ], [ 126.961851431843556, 37.487135935694447 ], [ 126.961848866743566, 37.487079439495339 ], [ 126.961846480551642, 37.487026859610808 ], [ 126.96184328554051, 37.486956627446929 ], [ 126.961843318104442, 37.48695618773246 ], [ 126.961833058323847, 37.48672980993576 ], [ 126.961832512623232, 37.486717895098849 ], [ 126.961818261968801, 37.486402156475087 ], [ 126.961814331990155, 37.486315022288906 ], [ 126.961734320590622, 37.486121718420968 ], [ 126.961709372721856, 37.486061462519402 ], [ 126.96169219698433, 37.486019947014213 ], [ 126.961674758701079, 37.485977820991735 ], [ 126.961686599614211, 37.485947511785177 ], [ 126.961714149654995, 37.485736840222962 ], [ 126.961767469337545, 37.485740495686457 ], [ 126.961774698936082, 37.485721964243751 ], [ 126.961861564513697, 37.485499610829372 ], [ 126.96186380452933, 37.485493877576182 ], [ 126.961865811889979, 37.48548872554079 ], [ 126.961867588741583, 37.485484170957463 ], [ 126.961911609841039, 37.485371526783766 ], [ 126.961916043966852, 37.485360150201892 ], [ 126.96193301309269, 37.48531660173375 ], [ 126.961945347526608, 37.485284951720658 ], [ 126.961975013637016, 37.485209188828897 ], [ 126.961987242153498, 37.485177477036004 ], [ 126.961866649134635, 37.48501088134914 ], [ 126.961638210318029, 37.484695297135552 ], [ 126.961630381495368, 37.484684483015307 ], [ 126.961703143576202, 37.484505025963117 ], [ 126.961632502655888, 37.48420508706824 ], [ 126.961120084244826, 37.483741408568264 ], [ 126.961078405283175, 37.483703691290508 ], [ 126.961078238885491, 37.483701346998821 ], [ 126.961075937805546, 37.483666135740428 ], [ 126.961068851693042, 37.483557618584378 ], [ 126.961409795221869, 37.483276865942649 ], [ 126.961762280303589, 37.482986608668519 ], [ 126.961808326992511, 37.482949330916178 ], [ 126.961822222677441, 37.482938081258418 ], [ 126.961822488879818, 37.48293786794757 ], [ 126.961990537096369, 37.482562060882799 ], [ 126.962049174402665, 37.482430931383028 ], [ 126.962503338775633, 37.482155584440626 ], [ 126.962614742818189, 37.482088043101669 ], [ 126.962661283434528, 37.482060469483251 ], [ 126.962690089736057, 37.48204415429332 ], [ 126.962791099518142, 37.481927089015379 ], [ 126.963094353922543, 37.481575630469351 ], [ 126.963102140213422, 37.481566608094475 ], [ 126.963293110518947, 37.481345352917131 ], [ 126.963834954779273, 37.481050910742809 ], [ 126.963938974088649, 37.48099438618695 ], [ 126.964006208720548, 37.480832803491907 ], [ 126.964309400745933, 37.480106997891255 ], [ 126.964319860508098, 37.480081973101996 ], [ 126.964340438582667, 37.480031428027303 ], [ 126.964377907278589, 37.479939397838535 ], [ 126.964388183067427, 37.479914154079381 ], [ 126.964427486402627, 37.479818606071447 ], [ 126.964794612910566, 37.479511533310486 ], [ 126.96496393404145, 37.479456224804693 ], [ 126.965648072485465, 37.479232746110434 ], [ 126.966325526879885, 37.478959674687005 ], [ 126.966893934345023, 37.478463841086814 ], [ 126.966908741645312, 37.478447268795684 ], [ 126.967257019349006, 37.478057444012357 ], [ 126.9673035658695, 37.47804039463955 ], [ 126.967349193879173, 37.478023680018836 ], [ 126.967759780357554, 37.477873280689153 ], [ 126.967764281007632, 37.477871630743103 ], [ 126.967777889380542, 37.477858851270128 ], [ 126.968058026606812, 37.477507601774207 ], [ 126.968090165012825, 37.477468667099288 ], [ 126.968130324286733, 37.477420014905498 ], [ 126.968240582633342, 37.477286438394486 ], [ 126.968310152490773, 37.477210745198363 ], [ 126.968508115444507, 37.47699535813063 ], [ 126.968582148097653, 37.476914808485922 ], [ 126.968772535435235, 37.476705151084488 ], [ 126.968784449355269, 37.476692031271682 ], [ 126.968804093868542, 37.476670397713768 ], [ 126.968818770822338, 37.476654234708604 ], [ 126.968897200543907, 37.476567863813784 ], [ 126.969719564321693, 37.476526213626293 ], [ 126.97008393647917, 37.476507757050349 ], [ 126.970203171595401, 37.476502438317162 ], [ 126.970289594490851, 37.476498584898451 ], [ 126.970296480821972, 37.476229097357951 ], [ 126.970305522992092, 37.47587528550001 ], [ 126.970430387826951, 37.475552345195013 ], [ 126.970522597828506, 37.475376492018711 ], [ 126.9709571457349, 37.475479397166986 ], [ 126.971525366130962, 37.475613953237051 ], [ 126.9717550392661, 37.475668340801427 ], [ 126.971954546874073, 37.475715584134328 ], [ 126.972261395135419, 37.4757882436475 ], [ 126.972537578260869, 37.475844568030254 ], [ 126.972705348292664, 37.475878780761882 ], [ 126.973438371872618, 37.476028266632461 ], [ 126.974285559033106, 37.476201027936888 ], [ 126.974459430655131, 37.476219001182187 ], [ 126.974826684111733, 37.476256965240978 ], [ 126.974859146849965, 37.476260321072836 ], [ 126.974941942450911, 37.476268878788588 ], [ 126.975547166866335, 37.476331438692412 ], [ 126.976165406192266, 37.476395338539895 ], [ 126.976342698624208, 37.476413663093282 ], [ 126.976961636645271, 37.476477633983016 ], [ 126.977310639378601, 37.476513702307145 ], [ 126.977620300104206, 37.476551717473875 ], [ 126.977947458366614, 37.476591878665133 ], [ 126.978344784433872, 37.476640653898478 ], [ 126.978422927584987, 37.476650246833302 ], [ 126.978723502619502, 37.476638020436809 ], [ 126.979237411973656, 37.476617114409116 ], [ 126.979913103005416, 37.476589622763015 ], [ 126.979980294233584, 37.476586594283916 ], [ 126.980295639583318, 37.476572384605959 ], [ 126.981038336690716, 37.476538914969751 ], [ 126.981416614610993, 37.47653591760627 ], [ 126.981582579273692, 37.476530718561655 ], [ 126.981686959972706, 37.476530385101334 ], [ 126.981695842908792, 37.476530356465837 ], [ 126.981707437782248, 37.476365767504198 ], [ 126.981710382068599, 37.476323957286667 ], [ 126.981708060912894, 37.476292242646288 ], [ 126.981725958246898, 37.476117558140231 ], [ 126.981726685258394, 37.476109890750003 ], [ 126.981743892777942, 37.475929612970859 ], [ 126.98175700447004, 37.475820324612535 ], [ 126.981782541456369, 37.475607448685402 ], [ 126.981791464904276, 37.475532743384179 ], [ 126.981818412595374, 37.475307168043862 ], [ 126.981843869513682, 37.47509207618797 ], [ 126.981848648094314, 37.475075164179266 ], [ 126.981877046167483, 37.474954313467542 ], [ 126.98192007672732, 37.474771167156042 ], [ 126.981947372300652, 37.474655007676652 ], [ 126.982016861253271, 37.474359263940876 ], [ 126.982029865997205, 37.474303717797376 ], [ 126.982052861899618, 37.474205507164115 ], [ 126.982093691281392, 37.474031135778894 ], [ 126.982103297893104, 37.473990108273881 ], [ 126.982144975410165, 37.473812106293728 ], [ 126.982153311333334, 37.473782473628113 ], [ 126.98217244658197, 37.473718912387447 ], [ 126.98229271328556, 37.473458836081981 ], [ 126.982303314543586, 37.473435901428424 ], [ 126.982375867551085, 37.473281579975378 ], [ 126.982391827146174, 37.473247490105919 ], [ 126.982406324381145, 37.473216523354004 ], [ 126.982461964996375, 37.473103538088978 ], [ 126.982577344806401, 37.472859105713269 ], [ 126.982693473754793, 37.472618105270335 ], [ 126.982768484998317, 37.472465247306552 ], [ 126.982848515332662, 37.472302157371637 ], [ 126.982966716101387, 37.472066815432605 ], [ 126.982993478728716, 37.472013525073933 ], [ 126.982993841142488, 37.47201312104707 ], [ 126.983097417847404, 37.471807077722808 ], [ 126.983214083753779, 37.47157498812031 ], [ 126.983228341801066, 37.471558625870827 ], [ 126.983399280030909, 37.471324087361339 ], [ 126.983738911015067, 37.470858087816652 ], [ 126.983826139127828, 37.470738400326347 ], [ 126.984018377177875, 37.470484471891233 ], [ 126.984083368691884, 37.470395740807689 ], [ 126.984094681954119, 37.470380297599526 ], [ 126.984238169529647, 37.470184400114746 ], [ 126.984364886543815, 37.4700120341247 ], [ 126.984520253487148, 37.469800693711271 ], [ 126.984615445052995, 37.469823314889616 ], [ 126.984692089640845, 37.469854255800463 ], [ 126.984657992801928, 37.469932114546509 ], [ 126.984659553049141, 37.469929862538784 ], [ 126.984907675848333, 37.469660209600626 ], [ 126.985134405350735, 37.469453192282586 ], [ 126.985295809035648, 37.46932809959182 ], [ 126.985305037958412, 37.469322677538877 ], [ 126.985335656391129, 37.469283253737743 ], [ 126.985373192582827, 37.469265734305765 ], [ 126.985374446765306, 37.469268202288532 ], [ 126.985486453220375, 37.469193922082518 ], [ 126.985502369102463, 37.469183364327151 ], [ 126.985622478637765, 37.469128960049133 ], [ 126.985677807209512, 37.469109217694744 ], [ 126.985810098277341, 37.469060420437536 ], [ 126.986074671980703, 37.468962991289921 ], [ 126.985884287067904, 37.468995482844704 ], [ 126.98581540947896, 37.469005844454657 ], [ 126.985605416235927, 37.469036514209556 ], [ 126.985532015162804, 37.469045875280372 ], [ 126.985661155204355, 37.468949602358855 ], [ 126.985824433394967, 37.468828584033524 ], [ 126.986018602601547, 37.468686963117449 ], [ 126.986213458081878, 37.468544762580798 ], [ 126.986361710860251, 37.46843781512819 ], [ 126.986458715620941, 37.468350934432657 ], [ 126.986597195886844, 37.46822861384176 ], [ 126.986746273914562, 37.468093085489407 ], [ 126.98687045220656, 37.46798304389749 ], [ 126.986929827315848, 37.467946533356631 ], [ 126.987044029448739, 37.467845652971029 ], [ 126.987096428051672, 37.467799389967915 ], [ 126.987152596962147, 37.467749799251095 ], [ 126.987206438061321, 37.467702260721623 ], [ 126.987235292062579, 37.467677207284211 ], [ 126.987302795907382, 37.467614444500576 ], [ 126.987302245580992, 37.46761223377554 ], [ 126.987186490136764, 37.467444959646571 ], [ 126.98711865099618, 37.467346921504365 ], [ 126.987114234638014, 37.467307420869133 ], [ 126.98710539350428, 37.467228329424678 ], [ 126.98723668516736, 37.467228210579528 ], [ 126.987272163844224, 37.46717362660474 ], [ 126.98736431174359, 37.46703185093439 ], [ 126.987382027205115, 37.467001418478418 ], [ 126.987452813387208, 37.466879818093979 ], [ 126.987543534272064, 37.466729640796572 ], [ 126.987625524052191, 37.466588183202717 ], [ 126.98762705774449, 37.466584993622092 ], [ 126.987635781745638, 37.466566822127774 ], [ 126.987727531031297, 37.466411327494676 ], [ 126.987845079029427, 37.466160295633443 ], [ 126.98793468859644, 37.465939037163302 ], [ 126.988043663496313, 37.465514549392864 ], [ 126.988068747030596, 37.465384897917289 ], [ 126.988107179592376, 37.465204016732301 ], [ 126.988145308992884, 37.464992934963796 ], [ 126.988157008351578, 37.464931893086778 ], [ 126.988179470395508, 37.464735871903144 ], [ 126.98821769913522, 37.464263631505474 ], [ 126.988220569012839, 37.464228142863597 ], [ 126.98834400863511, 37.463998563109151 ], [ 126.98832990226613, 37.463875565164685 ], [ 126.988302356389127, 37.463666800237007 ], [ 126.988262053817365, 37.463444661516448 ], [ 126.988171884195793, 37.463156799349612 ], [ 126.988144895236147, 37.463065821467374 ], [ 126.988065886205433, 37.462753236290069 ], [ 126.987995301208883, 37.462468303503414 ], [ 126.987936635427445, 37.462236701878538 ], [ 126.987884577985525, 37.462028672457301 ], [ 126.987837881574279, 37.461844709199838 ], [ 126.987808585177945, 37.461728097273721 ], [ 126.987784510352057, 37.461645022453254 ], [ 126.987719615054118, 37.461433025378994 ], [ 126.987639150934569, 37.461165490874194 ], [ 126.987625984138745, 37.461106544126253 ], [ 126.987579305215164, 37.460909255064372 ], [ 126.987573632968463, 37.460772780306051 ], [ 126.987568372735041, 37.460646188074605 ], [ 126.987524717248007, 37.460573579636858 ], [ 126.987528808455082, 37.460339273581702 ], [ 126.987547322852294, 37.46014844332516 ], [ 126.987609995603464, 37.459865652752974 ], [ 126.987647914461405, 37.459750507549359 ], [ 126.98773002296889, 37.459538430188957 ], [ 126.987839752683726, 37.459334590153524 ], [ 126.987873207952433, 37.459272335554388 ], [ 126.98796614131966, 37.45913447451418 ], [ 126.988154192115061, 37.458911758230236 ], [ 126.988289886413298, 37.458740636129967 ], [ 126.988448167144057, 37.458551263483798 ], [ 126.988456683958631, 37.458540929261538 ], [ 126.988563328493143, 37.458317411006199 ], [ 126.988635556626093, 37.458165864532766 ], [ 126.988606063226428, 37.458153917325028 ], [ 126.988587004582513, 37.458146200298906 ], [ 126.988411864288835, 37.458075263866917 ], [ 126.988356597718209, 37.458053020512992 ], [ 126.98816516955597, 37.457973035613982 ], [ 126.987907525569753, 37.457866858298416 ], [ 126.987261217704997, 37.457600697249461 ], [ 126.986781070576214, 37.45740326408405 ], [ 126.98677241096496, 37.457393446680591 ], [ 126.986612635838497, 37.457212339334838 ], [ 126.986209987771375, 37.457206664910132 ], [ 126.985502989691284, 37.457188047702282 ], [ 126.985263945859032, 37.457181751801357 ], [ 126.984903361599279, 37.457042612746726 ], [ 126.98438784358234, 37.457105608939145 ], [ 126.982888230808186, 37.456826918618255 ], [ 126.982437706548396, 37.456877805947194 ], [ 126.98191027178909, 37.456934999255871 ], [ 126.981903654579767, 37.456935716574677 ], [ 126.981909062788404, 37.456924388511808 ], [ 126.982033882733475, 37.456662905658163 ], [ 126.982159063212563, 37.456400169540032 ], [ 126.982389213611143, 37.455917102236299 ], [ 126.982398048553208, 37.45589119968384 ], [ 126.982388450917099, 37.455890286929815 ], [ 126.982241781223962, 37.455876356530617 ], [ 126.981201289475948, 37.455777528754567 ], [ 126.979790480539009, 37.455647198318637 ], [ 126.978477467424824, 37.455734797937495 ], [ 126.977757120718863, 37.455199116435004 ], [ 126.976553016945886, 37.454897597543635 ], [ 126.974579563398123, 37.454412875024133 ], [ 126.974061801301559, 37.453904813167391 ], [ 126.974012545215444, 37.453855525512928 ], [ 126.973371571111841, 37.453237627210875 ], [ 126.9733244487512, 37.453164408552048 ], [ 126.973256680896881, 37.453048668858507 ], [ 126.972843537773414, 37.452382382738037 ], [ 126.971752828113026, 37.451737335022237 ], [ 126.971067652154602, 37.450469831570523 ], [ 126.970569392867787, 37.449452700522563 ], [ 126.970311982455357, 37.449349296361632 ], [ 126.970147078421704, 37.449291244823733 ], [ 126.97005138226838, 37.449257432827515 ], [ 126.969845284434172, 37.449184747276824 ], [ 126.969831339635775, 37.449179829974355 ], [ 126.969593571307954, 37.449095976421667 ], [ 126.968661721942667, 37.448754464107047 ], [ 126.967662981536989, 37.448380543791771 ], [ 126.966223295623564, 37.447477142347225 ], [ 126.965780678428217, 37.44719939168305 ], [ 126.965343432147506, 37.446923884617725 ], [ 126.965202564094582, 37.446833181135524 ], [ 126.964940066695632, 37.446669792510519 ], [ 126.964620036700254, 37.446470066486036 ], [ 126.964365145550502, 37.446311463932581 ], [ 126.964289767625729, 37.44626723575513 ], [ 126.964121736603644, 37.445770782992504 ], [ 126.963941900136334, 37.445245888834165 ], [ 126.963933619464854, 37.445214629807083 ], [ 126.964071270763142, 37.44495972799357 ], [ 126.964140217463353, 37.44483205673594 ], [ 126.964372273989781, 37.444398799533424 ], [ 126.964419279192427, 37.444312650982148 ], [ 126.964316221357677, 37.443830858705162 ], [ 126.96430300567539, 37.44377032443294 ], [ 126.964320821697058, 37.443462293414491 ], [ 126.96433431360812, 37.443306315670362 ], [ 126.964356029980323, 37.442968723104435 ], [ 126.964381649498762, 37.442577073509298 ], [ 126.964610187560467, 37.442087789774021 ], [ 126.964634041948912, 37.442039645947098 ], [ 126.964153830521553, 37.441613211637481 ], [ 126.963822025475906, 37.441318584718005 ], [ 126.963784267155134, 37.441286757476213 ], [ 126.963799661058005, 37.440871452952592 ], [ 126.963802799897735, 37.440800693789988 ], [ 126.963803332131349, 37.440786939566877 ], [ 126.963736045733043, 37.44074688138307 ], [ 126.963660909055136, 37.440702150013742 ], [ 126.963113961492297, 37.440376525547478 ], [ 126.962983530765911, 37.440299608995041 ], [ 126.962942787672276, 37.440280457342176 ], [ 126.962466782806942, 37.440280581163094 ], [ 126.962362255222558, 37.440280203988983 ], [ 126.961949282577109, 37.440278716854877 ], [ 126.961762484618788, 37.440279219307946 ], [ 126.961499614047924, 37.440299114800609 ], [ 126.960903689583915, 37.440343125017229 ], [ 126.960275641830904, 37.440385417167356 ], [ 126.960055891497547, 37.440400531707795 ], [ 126.960000499618715, 37.440355758418107 ], [ 126.959756600929055, 37.440155766630269 ], [ 126.959571479919006, 37.440005340573116 ], [ 126.959542534386117, 37.439978578284702 ], [ 126.959496843933138, 37.439910148619042 ], [ 126.959252691542844, 37.439543459727176 ], [ 126.959169431889308, 37.439406873465579 ], [ 126.958998862112907, 37.439126941810059 ], [ 126.95897734640036, 37.439089478126334 ], [ 126.95896605637536, 37.43906976947099 ], [ 126.958549038181772, 37.439028243954731 ], [ 126.958432528326256, 37.439016642305454 ], [ 126.958139634097904, 37.438988089500967 ], [ 126.95774064111859, 37.438947686648099 ], [ 126.957566920046418, 37.438930448620319 ], [ 126.957040649937056, 37.438853098151476 ], [ 126.956705034182434, 37.43880341583337 ], [ 126.956478179353923, 37.438769820958832 ], [ 126.956368198278255, 37.438754011782784 ], [ 126.956063119674212, 37.438737847453524 ], [ 126.955619971853267, 37.438714304296539 ], [ 126.955260338789685, 37.438696422803403 ], [ 126.955174742246086, 37.438692456167317 ], [ 126.955108718267851, 37.438692147305211 ], [ 126.955071038362263, 37.438702889126851 ], [ 126.954995564658148, 37.438724485780796 ], [ 126.954630536028802, 37.438856950458266 ], [ 126.954381027633048, 37.438910353168211 ], [ 126.953903904697768, 37.439009553290333 ], [ 126.953610270221418, 37.439044348214502 ], [ 126.953447293163137, 37.439067086080755 ], [ 126.953166893935105, 37.439095408908862 ], [ 126.952651836692155, 37.439159113870318 ], [ 126.952411046630701, 37.439190240391504 ], [ 126.952086544195197, 37.438981217070072 ], [ 126.952072243023395, 37.438976139184064 ], [ 126.951871055746707, 37.438836397928881 ], [ 126.95146726450163, 37.438576620670503 ], [ 126.95115824868725, 37.438444155615045 ], [ 126.9511386445743, 37.438443306534325 ], [ 126.951135118873054, 37.438443300978612 ], [ 126.95106765042344, 37.438536473649584 ], [ 126.950925041153738, 37.438733770869561 ], [ 126.950032433887543, 37.438621622976633 ], [ 126.949842800642813, 37.43837967396437 ], [ 126.949577681306593, 37.438294241324861 ], [ 126.949513067211996, 37.438280985990524 ], [ 126.949310391626213, 37.438261182617708 ], [ 126.94928410826472, 37.438250273521646 ], [ 126.949277136153881, 37.438256104416432 ], [ 126.949189332265362, 37.438328704947281 ], [ 126.949176618190251, 37.438332923576411 ], [ 126.949161422147526, 37.43834418111534 ], [ 126.949053670029841, 37.438425223602259 ], [ 126.948945204054326, 37.43850739117002 ], [ 126.948765907242333, 37.438645843062801 ], [ 126.948623580591473, 37.438671115084539 ], [ 126.948363085506855, 37.438712663070746 ], [ 126.948304289352521, 37.438690958693513 ], [ 126.948289166252934, 37.438690404971993 ], [ 126.948155395592124, 37.438630374223166 ], [ 126.948112664449383, 37.438611200974911 ], [ 126.948034305499462, 37.438575963061687 ], [ 126.947947198758854, 37.438535288667936 ], [ 126.947854452634459, 37.438491981118524 ], [ 126.947599205005034, 37.438411899203217 ], [ 126.947165685384775, 37.438272603439685 ], [ 126.947027653649187, 37.438234536680632 ], [ 126.946789351914759, 37.43816712977511 ], [ 126.946590371377212, 37.437929674694878 ], [ 126.946380202361112, 37.437769089367656 ], [ 126.945676273682906, 37.437305298960226 ], [ 126.945090447596215, 37.437088230713265 ], [ 126.944637117839946, 37.437123475781043 ], [ 126.944060087404281, 37.437198096668823 ], [ 126.943522605012589, 37.43726596943673 ], [ 126.943384883716391, 37.43728279482535 ], [ 126.943283708864925, 37.437299638962017 ], [ 126.942624018313623, 37.437405180491417 ], [ 126.942231776499099, 37.437466312152061 ], [ 126.941979415957448, 37.437505642770127 ], [ 126.941424155922704, 37.437404297139857 ], [ 126.941148882270582, 37.436991667045021 ], [ 126.9411375961175, 37.436975605440047 ], [ 126.941136547935159, 37.436969415317357 ], [ 126.941102511217068, 37.436918148786951 ], [ 126.940879367878097, 37.436669697592613 ], [ 126.94070792141332, 37.436478983271407 ], [ 126.940530116186778, 37.436280391316174 ], [ 126.940502336021751, 37.436137061750912 ], [ 126.940502559001075, 37.436128518766523 ], [ 126.940502710824902, 37.436122701173396 ], [ 126.940480372034301, 37.436007810187817 ], [ 126.940471751233062, 37.435981622579554 ], [ 126.940426519913387, 37.435801955669817 ], [ 126.940352388429091, 37.43576897708131 ], [ 126.94022016146566, 37.435712370758239 ], [ 126.939558394358144, 37.43595581048865 ], [ 126.939539720157228, 37.435962546178622 ], [ 126.939384370292586, 37.436018581940665 ], [ 126.939364168589492, 37.436025817826334 ], [ 126.938625839973881, 37.436028515813284 ], [ 126.938621772909329, 37.43602851452443 ], [ 126.938615045605317, 37.436096374289853 ], [ 126.938575228057005, 37.436415084506258 ], [ 126.9385745268699, 37.436420428072836 ], [ 126.938545543192063, 37.436449135883578 ], [ 126.93837485680163, 37.436609252882349 ], [ 126.938326095007966, 37.436652593160098 ], [ 126.938282956088116, 37.436720983832302 ], [ 126.938251668416996, 37.436769963132889 ], [ 126.938165217540742, 37.436905348267189 ], [ 126.938145594026992, 37.436941945947957 ], [ 126.938014913423828, 37.437184300205168 ], [ 126.938012267751688, 37.437189364112818 ], [ 126.937988940855604, 37.437209344622048 ], [ 126.937751854855577, 37.437381821747273 ], [ 126.937746384847173, 37.437385756324097 ], [ 126.937750965039854, 37.437391669431882 ], [ 126.937741364112384, 37.437469097868657 ], [ 126.937742148315877, 37.437582002946776 ], [ 126.937744189749708, 37.437879059215661 ], [ 126.937725438685419, 37.437926351154935 ], [ 126.937655556466595, 37.43809355715927 ], [ 126.93757911861654, 37.438285548294758 ], [ 126.937562667858032, 37.43832693098684 ], [ 126.937470254912668, 37.438423739436409 ], [ 126.937272685427516, 37.438632270712155 ], [ 126.937265121702879, 37.438792762326152 ], [ 126.937257774581411, 37.438927342538364 ], [ 126.937248566238907, 37.439167510542347 ], [ 126.937247114469031, 37.439212838659799 ], [ 126.937402167109241, 37.43937426665029 ], [ 126.937605116379785, 37.43959113993354 ], [ 126.93763889463888, 37.439627236250523 ], [ 126.937693583959771, 37.439684426623728 ], [ 126.937713858746292, 37.439720756126498 ], [ 126.937757872000702, 37.439865787726518 ], [ 126.937843454072848, 37.440135576570768 ], [ 126.937864059604706, 37.44019753340833 ], [ 126.937745809761182, 37.440354019269982 ], [ 126.93754270431856, 37.440619986554985 ], [ 126.937372846440496, 37.440843172553294 ], [ 126.937353578852921, 37.440871598196686 ], [ 126.937238879504164, 37.440994018043249 ], [ 126.937194169323888, 37.441041855078751 ], [ 126.9369488758595, 37.441298509414516 ], [ 126.936847445707301, 37.441402357276594 ], [ 126.936812102341605, 37.44143837864253 ], [ 126.936771932369524, 37.441542810365902 ], [ 126.936735127734877, 37.441634864354754 ], [ 126.936688109781215, 37.44169594565389 ], [ 126.936650635755612, 37.441741253483578 ], [ 126.936646925746686, 37.441745757042632 ], [ 126.936306720137779, 37.441904931140989 ], [ 126.936201983639165, 37.441954428438919 ], [ 126.936041366893207, 37.442093436682711 ], [ 126.935985706898805, 37.442141556306922 ], [ 126.935840900775602, 37.442156397507709 ], [ 126.935643129356023, 37.442177965801413 ], [ 126.935577364977945, 37.442282669682676 ], [ 126.935440858527883, 37.442497151665926 ], [ 126.935382019674634, 37.44254863773341 ], [ 126.935258505368964, 37.442656689018094 ], [ 126.935254975363691, 37.442659787264716 ], [ 126.935125863963847, 37.442898482384408 ], [ 126.935113310591092, 37.442921567608558 ], [ 126.935109595846882, 37.442928034265833 ], [ 126.935031606221955, 37.443063709746291 ], [ 126.934897997711573, 37.443209481334797 ], [ 126.934895342505598, 37.443212298921907 ], [ 126.934893781220183, 37.443213063024395 ], [ 126.934887940959698, 37.443215946505383 ], [ 126.934741209475945, 37.443208264680145 ], [ 126.934564063971308, 37.443196631615692 ], [ 126.934450883759339, 37.443258224709993 ], [ 126.934051302296609, 37.443472545580541 ], [ 126.934027265555571, 37.443485208212145 ], [ 126.933818431589415, 37.44363881891605 ], [ 126.933468588291078, 37.44389625211177 ], [ 126.933407627496223, 37.443941267832692 ], [ 126.933224586771487, 37.444074617677636 ], [ 126.933218581544949, 37.44407912093596 ], [ 126.933001813500553, 37.444206262339129 ], [ 126.932651661616461, 37.444411316963624 ], [ 126.932215655590255, 37.444666164069893 ], [ 126.932135979276126, 37.444713699561795 ], [ 126.931838969257683, 37.444917945257366 ], [ 126.931749571784508, 37.44497616899119 ], [ 126.9314895670786, 37.445074009093304 ], [ 126.931325651382238, 37.445135567820934 ], [ 126.930862489450973, 37.445334928289533 ], [ 126.930559723598336, 37.445465952312347 ], [ 126.930554072231047, 37.445468479547131 ], [ 126.930546483044438, 37.445485043389027 ], [ 126.930517448162576, 37.44554842165936 ], [ 126.930393936913092, 37.445818370645014 ], [ 126.930326338519677, 37.445968689670835 ], [ 126.930317340703866, 37.446006411615905 ], [ 126.930300113354804, 37.446078634129023 ], [ 126.930285040304142, 37.446141820942458 ], [ 126.930281503142822, 37.446152522902729 ], [ 126.930240288292779, 37.446229363731433 ], [ 126.930163163864108, 37.446377981824945 ], [ 126.930210205332244, 37.446477967889905 ], [ 126.930277703950225, 37.446621323387632 ], [ 126.93026566136011, 37.446653698182807 ], [ 126.930278480721583, 37.446732823944259 ], [ 126.93028934391144, 37.446823776973687 ], [ 126.930324396332509, 37.447089875077708 ], [ 126.930356712956822, 37.447334220901368 ], [ 126.930364544165229, 37.447393420508007 ], [ 126.930365662719339, 37.447523229379357 ], [ 126.930367799654775, 37.44769019643563 ], [ 126.930367972550229, 37.447697512730628 ], [ 126.930342639021575, 37.447777461399575 ], [ 126.930303680409423, 37.447901046966088 ], [ 126.930255651910485, 37.448079255551121 ], [ 126.930245728737262, 37.448116415973196 ], [ 126.930173979907465, 37.448365555582328 ], [ 126.93017114862802, 37.448372311166288 ], [ 126.930166016703453, 37.448384129428973 ], [ 126.930055519312603, 37.448532727990816 ], [ 126.930047202306412, 37.448543985563425 ], [ 126.929909463383197, 37.448735366488066 ], [ 126.9297859057328, 37.44888114631992 ], [ 126.929606816339088, 37.449093053296721 ], [ 126.929436404115378, 37.449294549681106 ], [ 126.929286140862388, 37.449472128106734 ], [ 126.928991621903648, 37.449633840416332 ], [ 126.928955144795651, 37.449735748891904 ], [ 126.928910524762273, 37.449865519684032 ], [ 126.928716853645312, 37.44999436184321 ], [ 126.928634182076237, 37.450051012129606 ], [ 126.928415937502805, 37.450200560963999 ], [ 126.928398694689747, 37.45021248461898 ], [ 126.928401476162577, 37.450223151274884 ], [ 126.928407239823059, 37.4502430686154 ], [ 126.928493736325976, 37.45049063870799 ], [ 126.928509994560216, 37.450544681897306 ], [ 126.928503426481498, 37.450568968894792 ], [ 126.928465636131449, 37.450740650721379 ], [ 126.928452094249892, 37.450811334969252 ], [ 126.928410804260167, 37.450900581073043 ], [ 126.928366019856881, 37.451011917071988 ], [ 126.928346871929648, 37.451015057641108 ], [ 126.928289385122653, 37.451024486332564 ], [ 126.928082397257171, 37.451060801243742 ], [ 126.927868918652209, 37.451099314339814 ], [ 126.927810465600288, 37.451090861401063 ], [ 126.927543943604462, 37.451046600067492 ], [ 126.927344286621718, 37.451013442441536 ], [ 126.927290272317549, 37.451008264671728 ], [ 126.92725975709422, 37.451041834953109 ], [ 126.927100620027204, 37.451235289176111 ], [ 126.926895554584519, 37.451486270740695 ], [ 126.926713855425803, 37.451702846717417 ], [ 126.926658644847649, 37.451773757652894 ], [ 126.926629134335883, 37.45182285409583 ], [ 126.926521047715369, 37.452000921943004 ], [ 126.926497340593372, 37.452055182472876 ], [ 126.926430357218706, 37.452197067104485 ], [ 126.926365793811456, 37.45233382567622 ], [ 126.926275860299228, 37.452509654073751 ], [ 126.926263149803944, 37.452540453201983 ], [ 126.926223795170117, 37.452564438471619 ], [ 126.925758574579561, 37.452864095484891 ], [ 126.92565510700922, 37.452930740549156 ], [ 126.925587066692458, 37.452954456394579 ], [ 126.925423644952104, 37.45301004216325 ], [ 126.925362530502099, 37.452993143733231 ], [ 126.924976261587318, 37.452892690172753 ], [ 126.924911692464249, 37.452875898187266 ], [ 126.924809350975963, 37.452849283167893 ], [ 126.924779308107816, 37.452844109146938 ], [ 126.924755678756867, 37.452871628087344 ], [ 126.924620455067341, 37.453027485895269 ], [ 126.92459443923164, 37.453059087168882 ], [ 126.924489043511301, 37.453163984629192 ], [ 126.924280339090842, 37.453365567203612 ], [ 126.924247496472745, 37.453399350688294 ], [ 126.924183498155031, 37.453680161009565 ], [ 126.924092216244787, 37.453745784228786 ], [ 126.9239592054778, 37.453841367154631 ], [ 126.923821302115741, 37.453936799883834 ], [ 126.923711133988945, 37.453998067282114 ], [ 126.923308289321724, 37.454224216975639 ], [ 126.923082982468799, 37.454528922265162 ], [ 126.923030036753914, 37.454654725515034 ], [ 126.922943782013462, 37.454859678703336 ], [ 126.922823058787344, 37.455156138257301 ], [ 126.922795839671195, 37.455255400251602 ], [ 126.922775484337791, 37.455328967301384 ], [ 126.922653183064583, 37.455770950956882 ], [ 126.922601776288971, 37.455972858935652 ], [ 126.922570996101442, 37.456093148448367 ], [ 126.922509873681818, 37.456332020600499 ], [ 126.92218690511163, 37.456623611475983 ], [ 126.921643290386584, 37.456704760833119 ], [ 126.921051036713195, 37.456800476971665 ], [ 126.920874472538785, 37.45682997329488 ], [ 126.920564465796943, 37.456810562572294 ], [ 126.920564083807577, 37.456810539066687 ], [ 126.920548434812659, 37.456809558270891 ], [ 126.920432095927453, 37.456803201031541 ], [ 126.920219688474418, 37.456791591577876 ], [ 126.919988226766549, 37.456778673190435 ], [ 126.919634750506532, 37.456758941213167 ], [ 126.919496253104356, 37.456797875789505 ], [ 126.919140966492279, 37.456897749467942 ], [ 126.918457012304444, 37.456907550091003 ], [ 126.918446519524167, 37.456907700360468 ], [ 126.918373373115088, 37.45690874830423 ], [ 126.918334009627742, 37.456909313508291 ], [ 126.918300428706374, 37.456918605297147 ], [ 126.918180461545859, 37.456954127749505 ], [ 126.918100446116185, 37.456970360285091 ], [ 126.918044638105755, 37.456987388900075 ], [ 126.917919713352902, 37.45702471823838 ], [ 126.917821596578776, 37.457056273795935 ], [ 126.917787614792871, 37.457061834533071 ], [ 126.917704507435744, 37.457074039608798 ], [ 126.917664480922198, 37.457080774743979 ], [ 126.917580895534044, 37.457094837786094 ], [ 126.917481198550377, 37.457111722832757 ], [ 126.917472846301635, 37.45712176338462 ], [ 126.917429315402643, 37.457175622344607 ], [ 126.917383490638088, 37.45722098096136 ], [ 126.917289574018653, 37.457337622720935 ], [ 126.917277643777467, 37.457342910766684 ], [ 126.917142635735544, 37.457405145536718 ], [ 126.917085519802569, 37.457427894491971 ], [ 126.917046765186214, 37.457445685473921 ], [ 126.916957043738961, 37.457486889327519 ], [ 126.916916411134821, 37.457509466240822 ], [ 126.916827254077248, 37.457481174249217 ], [ 126.916671039645479, 37.457435056691608 ], [ 126.916629600130207, 37.457428026127275 ], [ 126.916465991348161, 37.45738407382138 ], [ 126.915851879305251, 37.45740614632863 ], [ 126.915577176702541, 37.457403677660281 ], [ 126.915028468705827, 37.457319836731024 ], [ 126.914981405482251, 37.457312645251648 ], [ 126.914752416566444, 37.457395262280215 ], [ 126.91466012557575, 37.457428558443887 ], [ 126.914609823128217, 37.457443819894479 ], [ 126.914576907872615, 37.457456688716263 ], [ 126.914448979076056, 37.457560814663367 ], [ 126.914392287117479, 37.457606939402837 ], [ 126.914313737837162, 37.457672899297982 ], [ 126.914288989847805, 37.457688180897499 ], [ 126.914167664954192, 37.457789804637571 ], [ 126.914114951604944, 37.457833751446778 ], [ 126.914029966232846, 37.457905320856874 ], [ 126.914027720457938, 37.457990699226805 ], [ 126.914027244896843, 37.458087584130112 ], [ 126.914027099034499, 37.45811685599655 ], [ 126.91402568925345, 37.458121611795953 ], [ 126.914024104708588, 37.4581483301845 ], [ 126.914022635982334, 37.458173102208136 ], [ 126.914025296446042, 37.458236147552064 ], [ 126.91402347632183, 37.458380001095833 ], [ 126.914021797909868, 37.458415994920067 ], [ 126.914024629886853, 37.458431701651413 ], [ 126.914025084977425, 37.458457425135137 ], [ 126.914026775994813, 37.458460389983031 ], [ 126.914078122111661, 37.45855043992313 ], [ 126.914092495154875, 37.458577462769561 ], [ 126.914150447596015, 37.458686428034419 ], [ 126.914194305261375, 37.458762568857715 ], [ 126.914278403206126, 37.45891273956493 ], [ 126.9142766546952, 37.458920042735485 ], [ 126.914254302141899, 37.458973465550727 ], [ 126.914238176347141, 37.459000368749457 ], [ 126.914210206668301, 37.459066070889328 ], [ 126.914178206708272, 37.459141239862042 ], [ 126.914110173560161, 37.459300676846105 ], [ 126.914102836844265, 37.459319159824233 ], [ 126.914092954664696, 37.459344046065439 ], [ 126.914039560387891, 37.459470038491979 ], [ 126.914050894336313, 37.459491538056604 ], [ 126.914185846540789, 37.459765712340328 ], [ 126.91422802195396, 37.459850889050841 ], [ 126.914228916325712, 37.459858720898168 ], [ 126.914266334133259, 37.459931089114704 ], [ 126.914263519533861, 37.459968371655201 ], [ 126.914257169471895, 37.460074322136897 ], [ 126.914253094426684, 37.460142293355354 ], [ 126.914251879069624, 37.460162564334453 ], [ 126.914246663948433, 37.460241733810051 ], [ 126.914229973742138, 37.460495037896415 ], [ 126.914214301208588, 37.46071498766932 ], [ 126.914212042221465, 37.460721915142919 ], [ 126.914206523284435, 37.460784359264203 ], [ 126.914200120706766, 37.460884555183441 ], [ 126.91419242842268, 37.460997877526133 ], [ 126.914205876214041, 37.461029351186447 ], [ 126.914282631352805, 37.461205176012115 ], [ 126.914330240785105, 37.461313420172367 ], [ 126.91436314234663, 37.461388649411596 ], [ 126.914381262867821, 37.461430085506571 ], [ 126.914384733873121, 37.461448115489958 ], [ 126.914391655463589, 37.461483459675101 ], [ 126.914407353326581, 37.461573112839055 ], [ 126.914405775917714, 37.461578913387214 ], [ 126.914411738559821, 37.461613254111356 ], [ 126.914401381817953, 37.461624148906559 ], [ 126.914260433429831, 37.461741247304232 ], [ 126.914048203158359, 37.461917265539107 ], [ 126.913965317798471, 37.461986030302519 ], [ 126.913951728742376, 37.461998435931363 ], [ 126.913947559799411, 37.462014929975666 ], [ 126.913902782278015, 37.462190719184335 ], [ 126.913892569457971, 37.462230816009018 ], [ 126.913840067718581, 37.462442342756042 ], [ 126.913834425073077, 37.462449455340682 ], [ 126.913825258435523, 37.462490093656221 ], [ 126.913818928455129, 37.462511667856027 ], [ 126.913773164305752, 37.462693392968291 ], [ 126.913733971774633, 37.462850525506035 ], [ 126.913710793639154, 37.462865528120702 ], [ 126.913691767193555, 37.462876974733533 ], [ 126.913620748802657, 37.462919708254361 ], [ 126.913594989710887, 37.462935207307083 ], [ 126.913473121691595, 37.463009602841097 ], [ 126.913403093999378, 37.463051418154009 ], [ 126.913347259223926, 37.463084760797585 ], [ 126.913314095696066, 37.4631051796066 ], [ 126.913298180015133, 37.463116032280169 ], [ 126.913269427016587, 37.463160115644392 ], [ 126.913184668992642, 37.463290838130192 ], [ 126.91317399923885, 37.463307295353367 ], [ 126.913166837213438, 37.463315209780546 ], [ 126.913044368404286, 37.46350364372978 ], [ 126.91296866625855, 37.463621756841192 ], [ 126.912963888123699, 37.46364815196042 ], [ 126.912925640686694, 37.463867796389792 ], [ 126.912901971586521, 37.46400973309413 ], [ 126.912908580425267, 37.464050884157629 ], [ 126.912928320570899, 37.464145908029593 ], [ 126.912947976882577, 37.464240524065822 ], [ 126.912960322532058, 37.464256189737121 ], [ 126.91298307567115, 37.46428636311547 ], [ 126.912986492545116, 37.464290751683862 ], [ 126.913011926561168, 37.464323417113299 ], [ 126.913144270524, 37.464496562243653 ], [ 126.913214622991617, 37.464588599723726 ], [ 126.913236841923165, 37.464619871861032 ], [ 126.913301885699639, 37.46473373549096 ], [ 126.913337787547533, 37.464797985986912 ], [ 126.913421188620688, 37.464941148343101 ], [ 126.913440499349534, 37.464974297057083 ], [ 126.913623018777855, 37.465293896625774 ], [ 126.913634968568431, 37.465314824200519 ], [ 126.913656205350392, 37.465352015118022 ], [ 126.913723991655985, 37.465469330801234 ], [ 126.9135767467357, 37.465453202236965 ], [ 126.913564513892439, 37.465455337240435 ], [ 126.913532270514509, 37.465470314651178 ], [ 126.913292147588052, 37.465585708108918 ], [ 126.913067178341521, 37.46569339039997 ], [ 126.913043662616658, 37.465696769066867 ], [ 126.913010423151903, 37.465701285615978 ], [ 126.91283126566816, 37.465724856610429 ], [ 126.912767752429303, 37.465732927244055 ], [ 126.91256011821956, 37.465758999092735 ], [ 126.912552268842802, 37.465762226597533 ], [ 126.912521489201481, 37.465790397896207 ], [ 126.912414246403884, 37.465890602410269 ], [ 126.912399517212762, 37.465904363232447 ], [ 126.912398120611172, 37.465905668666942 ], [ 126.912399539156652, 37.465925543485618 ], [ 126.912399922283896, 37.465930917492997 ], [ 126.912399428368104, 37.466099206051858 ], [ 126.912399622014021, 37.466240617685393 ], [ 126.912400090757856, 37.466273773817207 ], [ 126.912257376403062, 37.466382076262349 ], [ 126.912047978428717, 37.466538386655444 ], [ 126.91187074781422, 37.466669213105455 ], [ 126.911796302799488, 37.466724946763428 ], [ 126.91178261601091, 37.466733216205718 ], [ 126.911687442455019, 37.466803412572773 ], [ 126.911653779875564, 37.466831255611375 ], [ 126.911647687330941, 37.466946497407676 ], [ 126.911642644714334, 37.467048107765272 ], [ 126.911640388379666, 37.467102257404036 ], [ 126.911638384475765, 37.467141945089132 ], [ 126.911279815411334, 37.467536003668741 ], [ 126.911137516458098, 37.467716979773812 ], [ 126.911111521078169, 37.467749782280976 ], [ 126.911100642677937, 37.467795003333876 ], [ 126.911094661994568, 37.467813408123696 ], [ 126.911092455085026, 37.467835543517801 ], [ 126.911052794070216, 37.468007352200175 ], [ 126.911043212298836, 37.468050892364033 ], [ 126.911041352960211, 37.468083784504778 ], [ 126.910999429523343, 37.468101575679917 ], [ 126.910958334268017, 37.468127960920178 ], [ 126.91083163970751, 37.468209306985763 ], [ 126.910822293601569, 37.468215307602925 ], [ 126.910571767725486, 37.468376603857124 ], [ 126.910340270822161, 37.468525811764664 ], [ 126.91015713777665, 37.468644060103948 ], [ 126.910155562413436, 37.468645077085171 ], [ 126.91011781201874, 37.468668680907271 ], [ 126.910083865623491, 37.468691158081114 ], [ 126.91006362190636, 37.468704562976647 ], [ 126.910014410811939, 37.46873715017621 ], [ 126.909972696807785, 37.468765482519629 ], [ 126.909962555512834, 37.468774223734961 ], [ 126.909968599815969, 37.468786616955292 ], [ 126.909967227390027, 37.468790877135262 ], [ 126.910029471037433, 37.468890901654703 ], [ 126.910072336861887, 37.468959776683263 ], [ 126.910125213480711, 37.469044733239542 ], [ 126.910144922191151, 37.469076399015265 ], [ 126.910240019470294, 37.469229498985385 ], [ 126.910253320006035, 37.469250466077852 ], [ 126.910227537920846, 37.469294577891304 ], [ 126.910143597359138, 37.469448357954882 ], [ 126.910052723629647, 37.469613144983647 ], [ 126.910034280301161, 37.46964665735792 ], [ 126.910029820974529, 37.469649427502489 ], [ 126.909995067014037, 37.4697117145313 ], [ 126.909969619452212, 37.469758259820203 ], [ 126.909949216390032, 37.469796069086421 ], [ 126.909950681096248, 37.469799350135531 ], [ 126.909949727871506, 37.469803221218143 ], [ 126.909943458958466, 37.469806732253474 ], [ 126.909876620020171, 37.469861480497435 ], [ 126.909816347992276, 37.469911770933649 ], [ 126.909813958284317, 37.469917832352778 ], [ 126.909809884508391, 37.469929958715369 ], [ 126.909800383074696, 37.470036222911986 ], [ 126.909798716192256, 37.470067142005881 ], [ 126.909760992740686, 37.470124894715333 ], [ 126.909667674381438, 37.470274182067371 ], [ 126.909653903485435, 37.47029447135391 ], [ 126.909564815361421, 37.470438724934453 ], [ 126.909544177070302, 37.470472027959218 ], [ 126.909549599748559, 37.470503216826842 ], [ 126.909573296799749, 37.470621346516609 ], [ 126.909586311672285, 37.470690428576745 ], [ 126.909590072994646, 37.470694025764523 ], [ 126.909587839802725, 37.470699736430326 ], [ 126.909465836493126, 37.470871147433286 ], [ 126.909360827519123, 37.471021171089916 ], [ 126.909251872609389, 37.471177349225862 ], [ 126.909241124561248, 37.47119315399145 ], [ 126.909128917330776, 37.471358156271137 ], [ 126.909088499160788, 37.471414869528047 ], [ 126.909042013148152, 37.471469920964338 ], [ 126.908959040300175, 37.471571559564886 ], [ 126.908873981612984, 37.471675954840002 ], [ 126.908788930107121, 37.471780413182216 ], [ 126.90877240082915, 37.471801079747017 ], [ 126.908732493295403, 37.471893256672502 ], [ 126.908654367732979, 37.472076721180237 ], [ 126.908623913715573, 37.472147877025357 ], [ 126.90861530221548, 37.472158304103601 ], [ 126.908571536286928, 37.47218652650816 ], [ 126.908501985642317, 37.472231376073147 ], [ 126.908468494184149, 37.472252972609567 ], [ 126.908436370900446, 37.472275744146529 ], [ 126.908435635064492, 37.472276986139725 ], [ 126.908434489106014, 37.472278894887502 ], [ 126.908426345942885, 37.472292168983131 ], [ 126.908253894294276, 37.47258101282732 ], [ 126.908227647855071, 37.472625343580098 ], [ 126.90821458596416, 37.472647402901046 ], [ 126.908201975973483, 37.472669233736042 ], [ 126.908197312730707, 37.472683491499922 ], [ 126.908199699182788, 37.472686333717419 ], [ 126.908207548707466, 37.472695682259591 ], [ 126.908271961265683, 37.472738455217417 ], [ 126.908280415881279, 37.472744069753759 ], [ 126.90843581026428, 37.47284378993615 ], [ 126.908436455089586, 37.472844195170275 ], [ 126.908523519259091, 37.472900879386358 ], [ 126.908585931458518, 37.472941513151298 ], [ 126.908657671379217, 37.472968968838074 ], [ 126.90879704123779, 37.473013587638839 ], [ 126.909030365439904, 37.473091076449435 ], [ 126.90922780582224, 37.4731534715187 ], [ 126.909286238335952, 37.473172906703752 ], [ 126.909464836913813, 37.47318899454374 ], [ 126.909565360650731, 37.473196469810389 ], [ 126.909608493633868, 37.473201152469223 ], [ 126.909858062745997, 37.473273615523617 ], [ 126.909942479529164, 37.473298404433059 ], [ 126.909949558428124, 37.473305401874363 ], [ 126.910006506252444, 37.473393186493468 ], [ 126.910022596602929, 37.473417571058462 ], [ 126.910255397137533, 37.47350042513083 ], [ 126.910525753129789, 37.473596095942035 ], [ 126.910543970386016, 37.473597948078357 ], [ 126.910615744315251, 37.473604682325366 ], [ 126.910715539152235, 37.473614045831624 ], [ 126.910745106614215, 37.473619626676417 ], [ 126.910806965859294, 37.473686700558666 ], [ 126.91084400441899, 37.473725982558975 ], [ 126.91093689990889, 37.47382450267213 ], [ 126.910985792851775, 37.47387635457747 ], [ 126.911023551907036, 37.473915793343444 ], [ 126.91107305829189, 37.474213484690225 ], [ 126.911329533856872, 37.474478217116797 ], [ 126.911359244599865, 37.47450696342532 ], [ 126.911308400384357, 37.47472859562923 ], [ 126.911295065170819, 37.474786720864124 ], [ 126.911293868067986, 37.474797749324836 ], [ 126.911303412713437, 37.474858526779485 ], [ 126.911315367882239, 37.474918959304929 ], [ 126.91131262945909, 37.47493948220265 ], [ 126.911263518146683, 37.475042800837628 ], [ 126.91120458851475, 37.475166776519245 ], [ 126.911181435934566, 37.475211988632935 ], [ 126.91124744533019, 37.475401736140526 ], [ 126.911298717447067, 37.475565963944057 ], [ 126.911328583421152, 37.47566162874341 ], [ 126.911338618724102, 37.475700673286852 ], [ 126.911347245982213, 37.475734238670391 ], [ 126.911361555927201, 37.475789921040686 ], [ 126.911361077514684, 37.475803909534569 ], [ 126.911355007512356, 37.475981566677689 ], [ 126.911567374063566, 37.476242120011662 ], [ 126.9116162685484, 37.476302107305614 ], [ 126.911800513297877, 37.476832728302739 ], [ 126.91180793802009, 37.476854108514956 ], [ 126.91179578425897, 37.477062788041593 ], [ 126.911801618543507, 37.477099067891125 ], [ 126.911811359435788, 37.477159568642534 ], [ 126.911810524469885, 37.477259750394616 ], [ 126.911809509210087, 37.477381635940354 ], [ 126.911812408366004, 37.477428912161137 ], [ 126.911813724900668, 37.477450405279171 ], [ 126.911833971454413, 37.477821039771925 ], [ 126.911650730519312, 37.478053285227091 ], [ 126.911600320693807, 37.478117176603845 ], [ 126.911098508904431, 37.478132361150195 ], [ 126.911071816553886, 37.478133167320415 ], [ 126.911049103271864, 37.478128904254405 ], [ 126.910641438026687, 37.478052388698508 ], [ 126.910611119492799, 37.478078998767195 ], [ 126.910511665663918, 37.478166282215156 ], [ 126.910475030590305, 37.478335826846994 ], [ 126.910470847562991, 37.47835519056941 ], [ 126.910455507993262, 37.478351700589776 ], [ 126.910066077263664, 37.478263112016229 ], [ 126.909823850059965, 37.478208008363694 ], [ 126.909623015449796, 37.478109662014973 ], [ 126.909521370938606, 37.478058222876399 ], [ 126.909459998365236, 37.478027162729482 ], [ 126.90937519113146, 37.47813252213539 ], [ 126.909391479572861, 37.478146064429808 ], [ 126.909191806693343, 37.478399602284384 ], [ 126.909165131534962, 37.478390884366945 ], [ 126.909121870549342, 37.478443451516753 ], [ 126.909066062263349, 37.478512944679899 ], [ 126.909092347239167, 37.478529707987022 ], [ 126.908997688393242, 37.478655959975477 ], [ 126.908963623079075, 37.478640500750394 ], [ 126.90889477609953, 37.478726230553562 ], [ 126.908858862540455, 37.478770949287188 ], [ 126.908883384099511, 37.478783144751993 ], [ 126.908732607230164, 37.478975685490745 ], [ 126.908691929210363, 37.479027631747478 ], [ 126.908650689020121, 37.479080295360347 ], [ 126.908779102596498, 37.47926646977843 ], [ 126.908692572658296, 37.479403555029506 ], [ 126.908769634446799, 37.479506677370864 ], [ 126.908791931834969, 37.479521558584942 ], [ 126.908820840873247, 37.479554139478523 ], [ 126.908829520820092, 37.479555372700666 ], [ 126.908849029596382, 37.479561293079257 ], [ 126.908933391288343, 37.479586891850566 ], [ 126.909031294126578, 37.479616598175859 ], [ 126.909093763757227, 37.479625111168865 ], [ 126.909103709190504, 37.479638571301138 ], [ 126.909013225138366, 37.480017803735215 ], [ 126.908998770710184, 37.480078384657752 ], [ 126.909935155539671, 37.480252476731977 ], [ 126.909926085289385, 37.48028317312032 ], [ 126.909925513602914, 37.480285108183061 ], [ 126.909918355989817, 37.480309324351367 ], [ 126.909887631342826, 37.480416619880558 ], [ 126.909847665222429, 37.480554791196411 ], [ 126.909806875993851, 37.480693337854667 ], [ 126.909785576045337, 37.480765687042378 ], [ 126.909783460528033, 37.480765315030141 ], [ 126.909647854210604, 37.480741441106481 ], [ 126.909468309181577, 37.480707947169634 ], [ 126.90910635139808, 37.480640801721933 ], [ 126.908814589741922, 37.480587901748038 ], [ 126.908489833430025, 37.480528881508697 ], [ 126.90809068600376, 37.48045636305541 ], [ 126.908089535135318, 37.480456152681718 ], [ 126.90786765198466, 37.480415666897734 ], [ 126.90783302762587, 37.48040934881471 ], [ 126.907679439360891, 37.480380999208563 ], [ 126.907565646745425, 37.480360240984361 ], [ 126.907514984800699, 37.480350999510513 ], [ 126.907378024418321, 37.480326051692067 ], [ 126.907138316064646, 37.480281809311329 ], [ 126.907045663117046, 37.480264732344516 ], [ 126.906804551053696, 37.480220265917083 ], [ 126.906679840012757, 37.480196778597332 ], [ 126.906588345542474, 37.480179547549753 ], [ 126.906489485382522, 37.480161943224971 ], [ 126.906424536043048, 37.480150041716577 ], [ 126.906367589613495, 37.480139608132063 ], [ 126.906076476161246, 37.480086329697563 ], [ 126.905812376914767, 37.480037878871059 ], [ 126.905516016663555, 37.479983694748988 ], [ 126.905444593321889, 37.480023218599648 ], [ 126.905420509945884, 37.480036533933848 ], [ 126.905368634103695, 37.480065214534513 ], [ 126.905238508111594, 37.480112683009445 ], [ 126.90391050673135, 37.479868969642432 ], [ 126.903907652780674, 37.479868445977033 ], [ 126.903833976392107, 37.479854924345624 ], [ 126.903558633696576, 37.479804329619576 ], [ 126.902972343815406, 37.479696713736196 ], [ 126.902437818515224, 37.479598563224172 ], [ 126.902415327044409, 37.479594433022115 ], [ 126.901913016359089, 37.479502183812414 ], [ 126.901772160212047, 37.4794763147355 ], [ 126.901674782604843, 37.479458430867446 ], [ 126.901409585487386, 37.479409724890786 ], [ 126.901298013047381, 37.479389233279164 ], [ 126.90088422205659, 37.479313290299764 ], [ 126.900864820903678, 37.479309560352561 ], [ 126.900781253683874, 37.479293493510703 ], [ 126.900035988124756, 37.479150207540357 ], [ 126.898950815444877, 37.478941559633938 ], [ 126.898943420942857, 37.478940138434247 ], [ 126.898945964926909, 37.478952381887545 ], [ 126.898958020343031, 37.479010427503034 ], [ 126.898968809692875, 37.479058506682911 ], [ 126.898973756715435, 37.479080541180238 ], [ 126.898990388497097, 37.479149149636605 ], [ 126.898990458511506, 37.479149445637809 ], [ 126.898990730033958, 37.479150565602851 ], [ 126.899008948560422, 37.479220316935624 ], [ 126.899028187994816, 37.479289981519315 ], [ 126.899048666959615, 37.479359376588619 ], [ 126.899093136919433, 37.479497449069427 ], [ 126.899117125672973, 37.47956612466551 ], [ 126.899142245373781, 37.479634532896441 ], [ 126.899165000133152, 37.479693478369036 ], [ 126.899168496046286, 37.479702671057566 ], [ 126.899195873883897, 37.479770449894495 ], [ 126.899224384239105, 37.479838048803643 ], [ 126.899239912881441, 37.479873272564809 ], [ 126.899254028529143, 37.479905291125512 ], [ 126.899284915374437, 37.479972172003379 ], [ 126.899316818961395, 37.480038784029382 ], [ 126.899349855388948, 37.480105035854479 ], [ 126.899370075013607, 37.480144156575086 ], [ 126.899383910415509, 37.480170928699771 ], [ 126.899398047504519, 37.480197174161304 ], [ 126.899419205731419, 37.480236461888545 ], [ 126.899455524896439, 37.480301545986656 ], [ 126.899461977553614, 37.480312697920994 ], [ 126.899476700751464, 37.480337507786494 ], [ 126.899532226603782, 37.480431085822246 ], [ 126.899541873039425, 37.480446514696709 ], [ 126.899554149419828, 37.480466149145897 ], [ 126.899599804207384, 37.480539173822308 ], [ 126.89961947985465, 37.480569837008375 ], [ 126.899653396175609, 37.480621031545816 ], [ 126.899696159479163, 37.480683685804763 ], [ 126.899740054782953, 37.48074580498502 ], [ 126.899784855226173, 37.480807470857641 ], [ 126.899830789228645, 37.480868689990061 ], [ 126.899877738787168, 37.480929368040492 ], [ 126.899925596458203, 37.480989504462109 ], [ 126.899967918902462, 37.481045675627222 ], [ 126.900063535935644, 37.481172772949343 ], [ 126.900063961212595, 37.481173338456699 ], [ 126.900503657789187, 37.481710677784633 ], [ 126.900587130350331, 37.481812686888269 ], [ 126.90062812910368, 37.481862791277059 ], [ 126.900808254600463, 37.482082913025977 ], [ 126.90087557901407, 37.482165187749942 ], [ 126.900953491120362, 37.482260398305058 ], [ 126.901066183729029, 37.482398115531616 ], [ 126.901204615941026, 37.48256722304798 ], [ 126.901262138997737, 37.482637494984765 ], [ 126.901281439063936, 37.482661090251234 ], [ 126.901293631828267, 37.482675996477113 ], [ 126.90135011319947, 37.482745009304899 ], [ 126.90170317929838, 37.483176404046027 ], [ 126.901962114303686, 37.483492784125723 ], [ 126.902173078522125, 37.483750550872372 ], [ 126.902295820156056, 37.483900557272833 ], [ 126.902311921674467, 37.483920236018072 ], [ 126.902795469369693, 37.484511096524059 ], [ 126.902814703264028, 37.484534599263263 ], [ 126.902816456403372, 37.484536738930856 ], [ 126.902886611865824, 37.484622417702596 ], [ 126.902938439254811, 37.484685763747542 ], [ 126.902940829782054, 37.484688684504768 ], [ 126.903184877632484, 37.48498697122092 ], [ 126.903194520437935, 37.484998757391544 ], [ 126.903196779955778, 37.485001513434923 ], [ 126.903197849009217, 37.48500149359721 ], [ 126.903198907788294, 37.485002765350963 ], [ 126.903239202259954, 37.485001209441741 ], [ 126.903391371499268, 37.484995333167056 ], [ 126.903551864827435, 37.484989134572373 ], [ 126.90385649635742, 37.484977355459023 ], [ 126.904202671387608, 37.484963967934135 ], [ 126.90478576915956, 37.4849414166654 ], [ 126.905105467892724, 37.484929052247352 ], [ 126.905477258593166, 37.484914671382228 ], [ 126.905527453199596, 37.484912730056863 ], [ 126.905745662927785, 37.484916691434329 ], [ 126.905813267899447, 37.484925125638753 ], [ 126.906019171314981, 37.484950795076784 ], [ 126.906097695489564, 37.484960585573518 ], [ 126.906589600737462, 37.485102915353657 ], [ 126.906599187561724, 37.48510568920679 ], [ 126.906715783498257, 37.485139423950777 ], [ 126.907289149748877, 37.485305305792977 ], [ 126.907405403252639, 37.485338938990282 ], [ 126.907633635684405, 37.48540496858169 ], [ 126.907985230084293, 37.48550668592717 ], [ 126.908073828240646, 37.485532318255594 ], [ 126.908422402878998, 37.485633143054038 ], [ 126.908792679751812, 37.485734297161713 ], [ 126.908906444770977, 37.485765376409482 ], [ 126.909214727319281, 37.485849592594782 ], [ 126.909392869939111, 37.48589825785902 ], [ 126.909889230843277, 37.485902519226805 ], [ 126.910081501710451, 37.485946728311731 ], [ 126.910334598418785, 37.485999630510875 ], [ 126.910493715402893, 37.486032907647861 ], [ 126.910614368559479, 37.486058139174546 ], [ 126.911274431771076, 37.486267587513481 ], [ 126.911306400279969, 37.48627990430645 ], [ 126.911746386817185, 37.486449410146427 ], [ 126.911777918189671, 37.48646123610029 ], [ 126.911874343165621, 37.486497354876342 ], [ 126.911923260020359, 37.486515676880927 ], [ 126.912290782153036, 37.486759693834593 ], [ 126.91231303570521, 37.486774468699288 ], [ 126.912447860456481, 37.486926929488789 ], [ 126.912496409636887, 37.486967555290953 ], [ 126.912789211041684, 37.487177970594793 ], [ 126.912865119888892, 37.487232994388712 ], [ 126.912941759934711, 37.487288549060509 ], [ 126.912964579385772, 37.487305342046646 ], [ 126.912989117354414, 37.487323397353649 ], [ 126.912998598367238, 37.487329207732962 ], [ 126.913045070129925, 37.487363191709306 ], [ 126.913065486953101, 37.487378121353473 ], [ 126.913122085919838, 37.487446225974708 ], [ 126.913451135082383, 37.487650284858603 ], [ 126.913362520495923, 37.487754787971483 ], [ 126.913560075590539, 37.48801697457624 ], [ 126.91356107479713, 37.48801750232272 ], [ 126.913561510746476, 37.488017733431178 ], [ 126.913860390421675, 37.48817469156949 ], [ 126.9139211173067, 37.488206581767074 ], [ 126.914247857758028, 37.488378172743666 ], [ 126.914491104537959, 37.488501898060022 ], [ 126.914745963802829, 37.488631528401278 ], [ 126.914862321751201, 37.488690712740883 ], [ 126.915018261368616, 37.488765877511305 ], [ 126.915125055897846, 37.488817352711287 ], [ 126.915307569887403, 37.488904063431164 ], [ 126.91537398581707, 37.488935620495376 ], [ 126.915374673315313, 37.488935942977562 ], [ 126.915733353834383, 37.489108901125263 ], [ 126.915784215976885, 37.489133849810337 ], [ 126.915818842276394, 37.489150834931529 ], [ 126.91595783557149, 37.489219013883122 ], [ 126.916354909609794, 37.489413788881777 ], [ 126.916577943601794, 37.489522516037674 ], [ 126.916651027783729, 37.489558143389722 ], [ 126.916892103706331, 37.489633848625928 ], [ 126.917098266675225, 37.489698588278571 ], [ 126.917098930199515, 37.489698795258874 ], [ 126.917099521541303, 37.489698974842341 ], [ 126.917229644779383, 37.489739541460828 ], [ 126.917320875154203, 37.489767978559314 ], [ 126.917541454249275, 37.489831018277485 ], [ 126.917772650072948, 37.48989708979029 ], [ 126.91785833479851, 37.489921282600079 ], [ 126.917856349482136, 37.49025638616483 ], [ 126.917990329940466, 37.490286358387856 ], [ 126.918304161522087, 37.49034242347107 ], [ 126.91835200914052, 37.490347593076891 ], [ 126.918702129203183, 37.490390888684139 ], [ 126.919127241861418, 37.49044221894021 ], [ 126.919488668812519, 37.490498556352613 ], [ 126.919698420031963, 37.490530543012007 ], [ 126.920276197658339, 37.490617276071802 ], [ 126.920515130420597, 37.490632782570231 ], [ 126.920608314578843, 37.490601159449263 ], [ 126.920864281413898, 37.490633148954309 ], [ 126.920999408661274, 37.490629692094728 ], [ 126.921014973313206, 37.490636505111418 ], [ 126.921326344007952, 37.490596207769883 ], [ 126.921735648983443, 37.490544387456715 ], [ 126.921760807735097, 37.490535151820062 ], [ 126.921999958286179, 37.490472197838344 ], [ 126.922233151764843, 37.490461209867348 ], [ 126.922301814796342, 37.490458003318473 ], [ 126.922335770585079, 37.490458331600827 ], [ 126.922417912335476, 37.490399957588465 ], [ 126.922508449039071, 37.490368402043572 ], [ 126.922448666342092, 37.490110782523558 ], [ 126.922557472544355, 37.490095817379363 ], [ 126.922681521698408, 37.49007875705982 ], [ 126.922682298568191, 37.490080406732623 ], [ 126.922799065552439, 37.490062553563881 ], [ 126.923406062788118, 37.490003024811074 ], [ 126.923584058482021, 37.489985568831941 ], [ 126.923839025451798, 37.489996677010055 ], [ 126.924151228704218, 37.489977942114642 ], [ 126.924162468833217, 37.490211550930368 ], [ 126.924167814459025, 37.490322701591843 ], [ 126.92416918203611, 37.490345545019188 ], [ 126.924108545733844, 37.490351892447606 ], [ 126.924183588056749, 37.490367456899847 ], [ 126.924278944590654, 37.490452104699635 ], [ 126.924290104816748, 37.490475403259751 ], [ 126.924292606955319, 37.490483369020268 ], [ 126.924310047369943, 37.490518188671444 ], [ 126.924351410319289, 37.490600754352606 ], [ 126.924419220364129, 37.490648568191375 ], [ 126.924510009704932, 37.490712581337661 ], [ 126.924572887359034, 37.490937121598073 ], [ 126.924572995225134, 37.49093751150933 ], [ 126.924679762898734, 37.490922811202189 ], [ 126.9248055128228, 37.490905497349551 ], [ 126.92489582459018, 37.490893049434796 ], [ 126.924896373836361, 37.490896657533256 ], [ 126.924896484796008, 37.490897381862425 ], [ 126.924904073392497, 37.490947180875452 ], [ 126.925033750722548, 37.491459365929728 ], [ 126.925047030588203, 37.491511817377017 ], [ 126.925058651281816, 37.491560984318362 ], [ 126.925058929567712, 37.491562163745101 ], [ 126.925061890457002, 37.491570507586374 ], [ 126.925063998573194, 37.491578831053005 ], [ 126.925068502856973, 37.491595236021809 ], [ 126.925078672429123, 37.491632276264788 ], [ 126.925128510389143, 37.491813771581327 ], [ 126.925161735438223, 37.49193476994575 ], [ 126.925202181181362, 37.492094731194726 ], [ 126.925204072972008, 37.492102207232406 ], [ 126.92520495243464, 37.492105683534746 ], [ 126.925215593647195, 37.492147770046174 ], [ 126.925218039850463, 37.49215744538558 ], [ 126.925239708775379, 37.492243148984365 ], [ 126.925323047232325, 37.492572756652358 ], [ 126.925348852433814, 37.492674811113567 ], [ 126.925356709360557, 37.492705889325663 ], [ 126.92551828390252, 37.49268187073541 ], [ 126.925518874908462, 37.492684167560235 ], [ 126.925518966090308, 37.492684521335164 ], [ 126.925521509208863, 37.492694399943979 ], [ 126.925568845831236, 37.492791071602923 ], [ 126.925581235181639, 37.492807296761661 ], [ 126.92562203945451, 37.492856211642732 ], [ 126.925722117729094, 37.492900704177366 ], [ 126.925900203319443, 37.493044212918825 ], [ 126.925973766508008, 37.493051981334311 ], [ 126.926081896046284, 37.493170856518923 ], [ 126.926136639897436, 37.493198182963788 ], [ 126.926172086411668, 37.493249274541171 ], [ 126.926192247521826, 37.493259290988931 ], [ 126.926221264226854, 37.493273703993403 ], [ 126.926254906393339, 37.493282666422196 ], [ 126.926259643395412, 37.493283927890992 ], [ 126.926271806036524, 37.493291962156256 ], [ 126.926277887188022, 37.493301029584536 ], [ 126.926336518967247, 37.493339190187278 ], [ 126.926454086354269, 37.493383052251701 ], [ 126.926489737288449, 37.493417805847962 ], [ 126.926507757883869, 37.493484228614861 ], [ 126.926543485499906, 37.493575393021054 ], [ 126.926560859036812, 37.493627621691182 ], [ 126.926568561076778, 37.493650776150197 ], [ 126.926572895898687, 37.493663807361429 ], [ 126.926574406173074, 37.49372460933985 ], [ 126.926574724792133, 37.493737384901088 ], [ 126.926574993360873, 37.493761589411079 ], [ 126.926575440951197, 37.493801736168763 ], [ 126.926576465655302, 37.493893793005164 ], [ 126.926528155770924, 37.493911425176123 ], [ 126.926521467290172, 37.493913867830649 ], [ 126.926524711178047, 37.493925622835569 ], [ 126.926535211254489, 37.493963660544729 ], [ 126.926547876568378, 37.494009536136815 ], [ 126.926551883395547, 37.494008653329537 ], [ 126.92659488877355, 37.493999180614324 ], [ 126.926595771350634, 37.494001816857043 ], [ 126.926587616808774, 37.49400366291264 ], [ 126.926585861629306, 37.494004187995849 ], [ 126.926584238222631, 37.494004937254878 ], [ 126.926582791974567, 37.494005892882925 ], [ 126.926581563856473, 37.494007022630015 ], [ 126.926580585748738, 37.4940082996103 ], [ 126.926579891863028, 37.494009687935545 ], [ 126.926579491510864, 37.494011153399455 ], [ 126.926561472324664, 37.494015096797291 ], [ 126.926559633298027, 37.494015639500248 ], [ 126.926557896260704, 37.494016454907651 ], [ 126.926572149366862, 37.494058844549158 ], [ 126.926572895505572, 37.494058907660381 ], [ 126.926574706104617, 37.494058828116145 ], [ 126.926576477744547, 37.494058517635658 ], [ 126.926590096044194, 37.494055212666915 ], [ 126.92660263877822, 37.494104402844108 ], [ 126.926603190264956, 37.494105955852795 ], [ 126.926603739925937, 37.494106859876453 ], [ 126.926600912228054, 37.494107693425974 ], [ 126.926692328672274, 37.494219798857223 ], [ 126.926717516818371, 37.494208576628658 ], [ 126.926729444714397, 37.494216860283956 ], [ 126.926762253364402, 37.494236070544034 ], [ 126.926772298279744, 37.494242655917354 ], [ 126.926836421432853, 37.494216959326174 ], [ 126.926911078930118, 37.494333652298785 ], [ 126.926920997796344, 37.494340155925947 ], [ 126.926935587773457, 37.494347671900179 ], [ 126.926941721417265, 37.494362179229775 ], [ 126.926963804783682, 37.494414409950863 ], [ 126.927060916100075, 37.494482486253226 ], [ 126.927119269203274, 37.494523535760649 ], [ 126.927167508662251, 37.494557072973478 ], [ 126.927213328940255, 37.494685783402424 ], [ 126.927226046206329, 37.494723148569491 ], [ 126.927321024452269, 37.494832727151952 ], [ 126.92742189696655, 37.494949103406761 ], [ 126.927479056011677, 37.495015049602003 ], [ 126.927516668753341, 37.49501733564491 ], [ 126.927496365712869, 37.494997077533071 ], [ 126.9275342973893, 37.495002633431646 ], [ 126.927653286103151, 37.495025076866341 ], [ 126.927673307690597, 37.495028856806137 ], [ 126.927779029886921, 37.495050008194717 ], [ 126.927780341625024, 37.495049187104016 ], [ 126.927913453612675, 37.495078092903718 ] ] ] } }
]
}
